n_clusters,omega,horizon,n_runs,relative_association_error_mean,relative_association_error_std,relative_association_error_min,relative_association_error_max,association_r2_mean,association_r2_std,simplex_violation_mean,simplex_violation_max
10,0.5,1,3,0.00036577023962109165,5.6581357877828615e-05,0.00032065183762647245,0.00042925250759031665,0.9951877388482089,0.000747690964569474,7.031412489292658e-16,7.771561172376096e-16
15,0.5,1,3,0.0004349552857684274,2.5981984675620176e-05,0.00041179241341202257,0.00046304958165761974,0.991694320418822,0.00044359607844132205,7.031412489292658e-16,7.771561172376096e-16
20,0.5,1,3,0.0005280861765261368,3.0111575626226033e-05,0.0004973941744812876,0.0005575816561450736,0.9886408967269332,0.0006165574240346518,9.251858538542972e-16,9.992007221626409e-16
25,0.5,1,3,0.0007315803094680291,9.101742320792258e-06,0.0007213960437089638,0.0007389201659706187,0.9837707619971744,0.0010564819430044312,8.881784197001252e-16,8.881784197001252e-16
10,1.0,1,3,0.0009044893078376249,7.766065099401344e-05,0.0008157912522328375,0.0009602693422344305,0.9964716326112969,0.00031348571693759145,8.141635513917814e-16,8.881784197001252e-16
30,0.5,1,3,0.000906533263029025,3.5226657081077304e-05,0.000867216790897205,0.000935223588190968,0.9787464555884188,0.0015096836904104855,9.992007221626409e-16,1.1102230246251565e-15
40,0.5,1,3,0.0012450517405451342,6.533614532394741e-05,0.001181641075821631,0.0013121566150689616,0.9710263324873117,0.004407511118599634,1.1842378929335002e-15,1.3322676295501878e-15
15,1.0,1,3,0.0012534281854610079,9.178961892532023e-05,0.00117137793148736,0.001352557968109839,0.9941448376606755,0.0004025964431368703,8.511709855459534e-16,9.992007221626409e-16
15,4.0,1,3,0.0013115754647288547,0.00025608083079049776,0.0010162159777226476,0.0014714810814083097,0.9983303909190385,0.00031802689355863145,0.019908845252095336,0.020310183499277962
10,2.0,1,3,0.0013584193740257394,0.00011533602251469795,0.0012553855304926367,0.001483014462193809,0.9976203916379669,0.00020201214530418172,0.00025357325370807266,0.0004626148854493513
50,0.5,1,3,0.0014421092406324482,3.8276436646464846e-05,0.0014123018635802819,0.001485274666672409,0.9697302727271436,0.0034123224689080463,1.4062824978585316e-15,1.5543122344752192e-15
10,4.0,1,3,0.0016262675928084547,4.1608023322143796e-05,0.0015790230145509775,0.0016574522872245935,0.9978452420474208,5.312898377647923e-05,0.010234820361274691,0.010778424370362085
20,1.0,1,3,0.0017793595304523805,0.00013010489591360388,0.001647306811024522,0.0019074249376241016,0.9912452865897627,0.0005807430857939011,1.0362081563168128e-15,1.3322676295501878e-15
20,6.0,1,3,0.001842992573250654,0.00031657892609000685,0.0015083703664783856,0.0021377524918350667,0.9978202182981525,0.0003581508920298208,0.023820970038708932,0.024706214236245375
20,4.0,1,3,0.0018889676089864325,0.0004562357296894676,0.0014896559613020658,0.0023862199668524147,0.9976467917053333,0.0005483125379307279,0.019567637851987254,0.020826889026260963
15,2.0,1,3,0.0019257643865806435,0.00018124580213850722,0.0017252647160213481,0.002077975287785091,0.9966008276323683,0.000295752327974905,1.2582527612418441e-15,1.3322676295501878e-15
15,6.0,1,3,0.0019418666124863336,0.00028826911845099507,0.0016121287416826955,0.0021461536537651007,0.997662562809649,0.0003333468076343479,0.02238305252291146,0.02350332746584102
25,6.0,1,3,0.0023660762728916584,0.0002107172302977089,0.002126984431874069,0.0025247127269533796,0.9972656392487093,0.00023843788165839308,0.033377597660373286,0.04223189827730334
10,6.0,1,3,0.002547461456177055,4.724108704930817e-05,0.0025017219395952507,0.0025960730631340388,0.9968057268785911,6.868181974669678e-05,0.020095524640563456,0.02111146313887212
25,1.0,1,3,0.0026264843895781875,3.7553055949230123e-05,0.002583287448354476,0.0026513616119056256,0.9869951976676742,0.0004786364362336991,1.1102230246251565e-15,1.3322676295501878e-15
30,6.0,1,3,0.00273289307053578,0.00011574302438783909,0.0025995297354087818,0.002807132074091342,0.9968701875700727,0.00012174882835848027,0.03429279868435721,0.04212877008521171
20,8.0,1,3,0.0029635221666520755,0.00028442731690070643,0.0026424314836855064,0.0031838544513870565,0.9965718876787942,0.00030826483131647463,0.02515586442008981,0.02580351585700073
30,8.0,1,3,0.0031054277408075898,1.0454423405506797e-05,0.0030967594078677866,0.003117037893243335,0.9965102295041662,8.942526868496861e-06,0.03949714503311165,0.05013130350438755
25,8.0,1,3,0.0031097593164656156,0.00010874732249722583,0.0029889970035224213,0.0031999453044209364,0.9964783827372731,0.00011711565091786755,0.03849304665103981,0.05034423880356806
20,2.0,1,3,0.003148494692544534,0.0003569756046450136,0.002807492180796187,0.003519544066205093,0.9945262333686763,0.0005685167574640381,1.5173048003210472e-15,2.1094237467877974e-15
15,8.0,1,3,0.003206537863914382,0.00032236835072625773,0.0028740276821102436,0.003517703574846184,0.9962317876602368,0.0003511497019483871,0.02309944335498697,0.02449246638751931
25,4.0,1,3,0.0033044611700821526,0.00024067214342497675,0.0030278513832555053,0.0034659684339467933,0.9959922841704651,0.0002850157495219274,0.021453116022012792,0.022440201418065474
40,8.0,1,3,0.003357105222591255,4.735730956788464e-05,0.003328708351895457,0.0034117749819911666,0.9962795167547752,4.851901667835907e-05,0.03368575255904734,0.035378700305108146
30,1.0,1,3,0.003390397075454348,0.0001410125011441124,0.0032293677994119038,0.003491809193511522,0.982815508770409,0.0008829313130910548,1.2582527612418441e-15,1.3322676295501878e-15
10,8.0,1,3,0.003738386668143922,8.057213262661387e-05,0.0036486317366088614,0.0038044751629966495,0.9954246796266991,0.00011058586388866155,0.02277680044006716,0.023578838146881786
40,6.0,1,3,0.004138067171926497,8.024738554021632e-05,0.0040615995639124,0.004221623945601165,0.9953362047832558,8.561101998692199e-05,0.030652453392177936,0.03187084850302258
30,4.0,1,3,0.004253404451593738,0.00023050645984317719,0.00399503667150527,0.004437976026989069,0.994904507231671,0.0002561259057769137,0.022658036580407128,0.02367043600687764
50,8.0,1,3,0.004325193026455932,0.0002812381750673395,0.004008505552056388,0.004545799864960059,0.9952435676275543,0.00031265967368823114,0.03352616200335568,0.034473008350218694
40,1.0,1,3,0.005007914139592252,0.0003070672953270239,0.004700269870686481,0.0053144011905011754,0.9745408454372736,0.002722100252929728,1.4802973661668755e-15,1.7763568394002505e-15
25,2.0,1,3,0.005051310581144522,7.341711953477069e-05,0.005003388223817146,0.005135832961843204,0.9914558585863343,0.00013149536311750866,1.1842378929335002e-15,1.2212453270876722e-15
50,12.0,1,3,0.005591500638508654,0.0001363979593224272,0.005498655720486171,0.005748101449319926,0.9939628793590293,0.0001461598471635456,0.0344051728979835,0.04145947708619985
40,12.0,1,3,0.005668050341316187,0.00021414074849933996,0.005487608807689864,0.005904684563367564,0.9938384232469559,0.00021897312166477758,0.03747118459522502,0.03885032550856875
15,12.0,1,3,0.005812992167064108,0.00040841901275790496,0.005499707866493726,0.006274914189342584,0.9933315191016273,0.00041835898302451234,0.02792964578302992,0.02955041028974652
50,6.0,1,3,0.005836361516864441,0.0004077197768624833,0.0053689556865307445,0.006118893304354371,0.9934796004013905,0.0004588564398966868,0.03312146959120285,0.03512261918198326
10,12.0,1,3,0.0059772256804017385,0.00011273959258425622,0.0058489710974982895,0.006060673613904408,0.9928535977999363,0.00014875787195329457,0.021202661572504857,0.021640211486385137
50,1.0,1,3,0.006057839998964493,0.00023770871917174486,0.005867590321644232,0.0063243101917487545,0.9700273448864417,0.0021978373996115242,1.6653345369377348e-15,1.7763568394002505e-15
20,12.0,1,3,0.006067689640311892,0.00040404885007295767,0.005703347298634968,0.0065022424007945105,0.9931462790114564,0.00043151313723820297,0.03234835682977958,0.03437017223083293
30,12.0,1,3,0.006557168089535948,0.00013880614474479961,0.006415191941602191,0.006692570648537896,0.9927838231843674,0.0001713134377328433,0.04522466093079708,0.05164375381189743
25,12.0,1,3,0.0065609626177126935,0.0001331867031073764,0.006428410782834278,0.006694775237672726,0.9927301675608337,0.00015811733340585088,0.0426634843405507,0.051705563075925755
30,2.0,1,3,0.006689013853609093,0.0002591949734389848,0.006390040095615742,0.006850461220870723,0.9888166950585133,0.0004055158782922495,1.4802973661668755e-15,1.7763568394002505e-15
40,4.0,1,3,0.00718299006851502,0.00025790205285708574,0.006891220183747262,0.00738051046020319,0.9915702600790383,0.0002974629834036228,0.023639123632554323,0.029474173860771155
50,4.0,1,3,0.010013723379363827,0.0005850018166984088,0.009421542885745194,0.010591272011682676,0.9883665134398433,0.0006657634987847076,0.029113692742783248,0.029982972585448298
40,2.0,1,3,0.010710801393564355,0.0006008185407827562,0.010063111815361313,0.01124995195746928,0.982482125841382,0.0010916952375694365,0.0006174267426828081,0.001843585939704009
50,2.0,1,3,0.01382334306851405,0.0006509838837731435,0.013355736240339684,0.01456684041783678,0.9775564216146161,0.0010034938115962198,0.0030049547055229467,0.004129311782146786
15,0.5,10,3,0.005445348076812438,0.0004100321320243108,0.0051593807810804285,0.0059151242867437285,0.8966348901663274,0.007558435032442114,5.218048215738236e-15,5.551115123125783e-15
10,0.5,10,3,0.005695209070122092,0.0005934913651246673,0.005227062431022409,0.006362711788423673,0.9254560637662631,0.007873676357349915,4.69994413757983e-15,5.218048215738236e-15
20,0.5,10,3,0.007438376223762068,0.00037378735468065116,0.007050384294772179,0.007796121031911517,0.840907430417373,0.0077573930535667435,5.8471745963591575e-15,6.8833827526759706e-15
25,0.5,10,3,0.010530338896140615,0.00014926871806433055,0.010392186547721432,0.01068867086378832,0.7674312592847455,0.015229393970474224,3.92278802034222e-15,4.440892098500626e-15
10,1.0,10,3,0.011653255989430733,0.0007972607530729664,0.010927411051058135,0.012506572741281127,0.9547707275323435,0.0031307033333109763,0.0009562219665056648,0.0018110347942143779
15,1.0,10,3,0.011995155612282288,0.00148538282373583,0.01065442164741094,0.01359190613280016,0.9443047678109013,0.00668174511323379,4.847973874196517e-15,5.551115123125783e-15
30,0.5,10,3,0.013032557615917923,0.0004101455653495198,0.012781202349952434,0.013505848226908453,0.6963045551466965,0.017877715092749127,4.033810322804736e-15,5.10702591327572e-15
20,4.0,10,3,0.015247138511131547,0.002335141685010014,0.01255280967105293,0.01668557595682394,0.9811030100114331,0.00274387334818048,0.07322916571613186,0.08137523684723166
15,2.0,10,3,0.01612763722274053,0.0026028975638623005,0.013630844117784535,0.01882503131532805,0.9717161483588969,0.004315318514142104,0.05234278648844184,0.058657772233395154
20,1.0,10,3,0.01667936728353739,0.0010411403684899283,0.0156005070670183,0.017678165154933,0.9183894144594812,0.0045893795071540395,6.439293542825908e-15,9.547918011776346e-15
40,0.5,10,3,0.018028097422477463,0.0008015474086719346,0.017299389167850024,0.018886634165913064,0.5829932111133118,0.06008989926716017,4.625929269271485e-15,6.439293542825908e-15
30,6.0,10,3,0.019067014824926305,0.0014479968242598297,0.01746384160383969,0.02027978450961011,0.9782497154897687,0.0016996041367585357,0.0880149999332095,0.10657683347485473
10,2.0,10,3,0.019855544754381085,0.0006436012356658108,0.019151854225329352,0.02041436170789539,0.9654268241634925,0.001148049681758957,0.0346045977509885,0.03841861816943135
25,6.0,10,3,0.020229774613508285,0.0006873208205810141,0.01948053670516967,0.020831091225220498,0.9767160313121871,0.0008230941238544417,0.10016251200457894,0.11704188252972364
15,4.0,10,3,0.020545875280953852,0.0034133984818533938,0.016934046544949448,0.023718284830889995,0.9739942987372584,0.004115660529484497,0.10192996057939889,0.10920645598422196
50,0.5,10,3,0.020590465367493937,0.0004135646800718932,0.02023165181903862,0.021042773905524333,0.570843821927165,0.0462444286199824,4.107825191113079e-15,4.6629367034256575e-15
25,4.0,10,3,0.020875909856883323,0.0015487613724759306,0.01966605351682223,0.022621385051890923,0.97479983239131,0.0018448090857075483,0.06890710335398553,0.07771660297953377
20,2.0,10,3,0.02121009866285298,0.0020642784303685933,0.0188922119158019,0.02285049422400335,0.9633346716899384,0.003227928533797277,0.046594901172461595,0.05114115905833799
40,8.0,10,3,0.021475171841927432,0.0014821692124334295,0.020416157202100157,0.02316902085084785,0.9762719700576147,0.0017222205176027007,0.07512596432433562,0.07807723478956582
40,6.0,10,3,0.023356071664207265,0.0011367179714926034,0.02249488146329102,0.02464450784849073,0.9737685837929902,0.0013707820811269793,0.0671507544964411,0.07681583370347833
30,4.0,10,3,0.023745219952045652,0.0014962046922306724,0.02272266867489559,0.02546248901732423,0.9716890174465794,0.0017132564975744307,0.0762140439955817,0.08383771220627222
25,1.0,10,3,0.025211845388663858,0.00015482473858556515,0.025052319978991745,0.02536149680810962,0.8757336187362726,0.0035162589212046464,6.29126380620922e-15,7.327471962526033e-15
50,8.0,10,3,0.026169390200718883,0.001153486216313295,0.025313511039418254,0.02748114740801129,0.9713180572140713,0.0012625025484718489,0.07454855394842162,0.07961067640516907
30,8.0,10,3,0.02633888064231693,0.0041055555932396045,0.021746401147982444,0.029653666313715837,0.9705040769045657,0.004649395071295629,0.11397612702553193,0.12768087528025493
20,6.0,10,3,0.02824489194288413,0.0029786496638943096,0.026516186004639335,0.03168432464951478,0.9667370518524679,0.003430206919412771,0.12939598897804366,0.14832506642752233
50,12.0,10,3,0.028616494863812403,0.00040378089819108814,0.028198051732434445,0.029003811974352898,0.9691854462464766,0.0004663779102238038,0.08217515094407868,0.09465384135647407
50,6.0,10,3,0.029435386975850016,0.0007635578586523636,0.028773963714999917,0.030270984787522482,0.9672402147655154,0.0008666936330840713,0.07518122094760073,0.08206321539987492
40,4.0,10,3,0.031387827402292616,0.0017857614296654617,0.02974637665903444,0.03328937351612354,0.963314082625279,0.0021864647464446855,0.05890093738856377,0.06972926719896541
25,2.0,10,3,0.031953540495353906,0.0006450834859253618,0.03134628571279291,0.03263075044190996,0.9462158355065359,0.0009654236111863202,0.05139680855084267,0.05803595620910837
30,1.0,10,3,0.03327888026477051,0.0008609676481136679,0.0324941024172526,0.034199812553479064,0.8322563931491734,0.005896272974532502,6.328271240363392e-15,7.66053886991358e-15
40,12.0,10,3,0.03456419737262393,0.005464521333647218,0.030495900932074996,0.04077539197278793,0.9625121193567588,0.0060395221571180645,0.11714373899776971,0.1274630430308155
25,8.0,10,3,0.035855183137679075,0.003596621102047436,0.032282900766178346,0.039475658629217716,0.959545870909957,0.0041182656411845025,0.12280719858153312,0.14099064047193838
30,2.0,10,3,0.038605839516791585,0.00016331673461851326,0.038438696980123,0.03876504070733559,0.935791670753602,0.00018162646385058576,0.042165448998125465,0.04652424274391953
50,4.0,10,3,0.03974626160212517,0.0008336498679729195,0.03878435548020396,0.04025922344046239,0.9540228429981701,0.0009654946912484268,0.06688861421966179,0.07647440301226174
15,6.0,10,3,0.05279044634639315,0.005103160832967981,0.04750605455766692,0.05769066196045992,0.9367676198064631,0.005653223925803363,0.17279698018883147,0.17618454107813367
40,1.0,10,3,0.05339868526413557,0.003179270141772056,0.0504031154076412,0.05673431663877321,0.7298324553759858,0.02839886236442605,0.0008501369007737064,0.002550410702310572
10,4.0,10,3,0.05495886116622961,0.00229716724008135,0.05244437663080088,0.05694754240591653,0.9276357539157395,0.0032160111802030018,0.10929555629718772,0.11223467716722622
20,8.0,10,3,0.05711017234943636,0.00526430546734103,0.05226943905073951,0.06271462252495716,0.9342110659037205,0.006067038143212958,0.18949620901708,0.20464368773037875
40,2.0,10,3,0.057986600536918016,0.0019147855010783128,0.056132746101868254,0.059956993765089374,0.9056003707861985,0.003773653186059847,0.045601733657199245,0.04774399264281225
30,12.0,10,3,0.06687554275445785,0.009301627688030115,0.056138357567982286,0.07247848199312865,0.926625421299564,0.010259049746302663,0.1691971282247141,0.19262675552175504
50,1.0,10,3,0.07033057843207352,0.001599717040369587,0.06929211483838346,0.07217279535078655,0.6541721835184252,0.0188654978695617,6.5503158452884236e-15,7.105427357601002e-15
50,2.0,10,3,0.07635129080051438,0.0014614608477360816,0.07544620136531735,0.0780373174373912,0.8766493329354897,0.002024089905654545,0.05062027855625228,0.05193052006576185
25,12.0,10,3,0.09182830464440757,0.007626092456300164,0.08544483412801514,0.10027320697369525,0.8985942949878657,0.008562637957329403,0.18021747907848015,0.1935397952127302
15,8.0,10,3,0.09761126219069066,0.006587765907460022,0.09078461834190239,0.10393084631468819,0.8858052872121799,0.006949566689516396,0.21195466238938723,0.22573338998145412
10,6.0,10,3,0.11190089722168116,0.004223573981820024,0.10711729177792147,0.11511514532091537,0.8604822110357083,0.005651478021345049,0.1350769420618377,0.139612717498116
20,12.0,10,3,0.13042402562404068,0.00715454937709962,0.12289718451493978,0.13713661114144385,0.8532402623530942,0.008221249918238987,0.23258019468955723,0.2532330500863134
10,8.0,10,3,0.16482211404259614,0.004979781899627194,0.15912884017257073,0.1683674656894327,0.7993065517271319,0.006573039994025251,0.12718343467149226,0.13083452285609146
15,12.0,10,3,0.18328337202403336,0.007232787678049395,0.17531545059894757,0.18943467874459785,0.7905701238112286,0.0071997000839330175,0.21196935376160195,0.23851191497898097
10,12.0,10,3,0.24018131138148943,0.005079827094534799,0.23433246064438026,0.24349025216148168,0.7140550073566855,0.006645200525326285,0.09379701222381004,0.09608410109733896
10,0.5,50,3,0.026644856042287817,0.0011077467955121598,0.02596879394764356,0.027923263607876097,0.6648763522982443,0.014715236424600306,1.9576932667556928e-14,2.2426505097428162e-14
15,0.5,50,3,0.027668569785217423,0.0015473294662595217,0.02654583074983223,0.029433609220691354,0.4931358016012595,0.031376889165172304,2.3573735556207492e-14,2.7755575615628914e-14
20,0.5,50,3,0.04159687486332369,0.001879577841523821,0.039495337475527546,0.0431171840965989,0.14596609266732566,0.041263055652297494,2.438789910759927e-14,2.8754776337791554e-14
10,1.0,50,3,0.042707046009436866,0.0029068000562847856,0.04041163993718395,0.045975555446396636,0.8396776658102829,0.010786464517161441,0.000457979259559567,0.001373937778629407
15,1.0,50,3,0.0468527547446626,0.002558408518305863,0.044230447740948475,0.04934207785665391,0.7894348407483881,0.012114120093609506,0.003281056738642887,0.004022722106162095
25,0.5,50,3,0.05442225447936782,0.00028916021361454,0.054089014134611375,0.05460695180881133,-0.15915393052747273,0.06504880353952798,1.5987211554602254e-14,1.7319479184152442e-14
20,1.0,50,3,0.06250333852243194,0.00048093462634252475,0.0621001154060565,0.06303564095383901,0.7053856369854183,0.0015415359740922577,0.007528379166169694,0.011654631252210163
30,0.5,50,3,0.06275765999454151,0.0004944582314841263,0.06228398488280001,0.0632705643160142,-0.4085281645670044,0.060314871209600496,1.7208456881689926e-14,1.9539925233402755e-14
40,0.5,50,3,0.0696952117234974,0.001886010166514307,0.06759344440692078,0.07124002347212181,-0.5538888861724486,0.12986701131213724,2.002102187740699e-14,2.9531932455029164e-14
50,0.5,50,3,0.07045356630646031,0.00023497799986866297,0.07027492438906272,0.07071974867823064,-0.4248737529922247,0.12709677291818214,1.8614739379548457e-14,2.042810365310288e-14
15,2.0,50,3,0.07086044775628553,0.0022988431102537424,0.06945192485980864,0.07351322840718438,0.8788443534025955,0.0033521154444767307,0.03503752967124014,0.04318210758918514
10,2.0,50,3,0.07866651170275786,0.0021625823925914504,0.07731857561743935,0.08116093678615406,0.8667454456453498,0.0037302443865533334,0.061403028445782076,0.06877659086470508
25,1.0,50,3,0.08209951305371825,0.0009565535862150842,0.08099534028839143,0.08267602568320438,0.6085362755305619,0.012590187643899376,0.00628713194572435,0.007591486623427005
20,2.0,50,3,0.08322348242809735,0.0006627047422497509,0.08248110126937497,0.08375539088692695,0.8600523548739663,0.0006876728694932994,0.029839871731155487,0.046421541258264656
20,4.0,50,3,0.08355032125554995,0.003305974251858861,0.07998471132764529,0.08651392473553901,0.898658697778405,0.004033580808846962,0.0939617351953727,0.09674787530650235
25,4.0,50,3,0.09150367609227024,0.0028700454972574885,0.08958550776686142,0.09480319480071113,0.8915286775605981,0.0034077507078460116,0.09134241611497303,0.09778104449661512
25,2.0,50,3,0.09302825085338891,0.001870316319421808,0.09116372964413216,0.09490430890973527,0.8471157427766468,0.0033734862772306588,0.03430390400492979,0.037973434252269025
30,6.0,50,3,0.09307482036832242,0.006352404277312632,0.08590183171372057,0.09798955240896187,0.8956099970827488,0.007272696448428258,0.103498845908203,0.10882706513405291
25,6.0,50,3,0.09345032826550091,0.003386345055524412,0.0895572506790609,0.09571355778252486,0.8941557114777617,0.0038983876605679373,0.11928359345440336,0.12347271692326758
15,4.0,50,3,0.09581849235432323,0.00571201094790945,0.09078424703735997,0.10202605531655082,0.881161945451645,0.006942783177893001,0.14281470352622275,0.15252532594606563
40,8.0,50,3,0.10075804935799705,0.007543434100002285,0.09607781488381908,0.10946015936238107,0.890055327047996,0.008442450074236971,0.1031877855766956,0.10741181849917332
30,4.0,50,3,0.10175398228857979,0.001971747654054611,0.10018397357294709,0.10396695488340209,0.8809599284621198,0.002304670857973078,0.09316752403721129,0.11794142008372901
30,8.0,50,3,0.10524253351872076,0.008049695033050938,0.09624921519171122,0.11177334096269347,0.8839123079659988,0.0090464271039224,0.11216619268106741,0.11705233829935455
40,6.0,50,3,0.10537300818560223,0.010607808704932786,0.09845501368842102,0.11758595423591515,0.8833034162721423,0.011987624035455051,0.08489250934207092,0.09292478420907538
30,1.0,50,3,0.10880343944322163,0.0026221673426912707,0.10698014277817032,0.11180851881747905,0.47055557216492905,0.016738863282121076,0.005705167266110158,0.0073074574246233415
30,2.0,50,3,0.10921347413081826,0.007687844561099197,0.10064804060601248,0.11551558817823529,0.8229422477206342,0.01246894312100105,0.02518866404054784,0.028596849054713533
50,8.0,50,3,0.11236064640702755,0.0005436202336752776,0.11178819707126093,0.11286991653428279,0.878356539070075,0.0006254689160812832,0.09261638974442228,0.1015358954363775
50,12.0,50,3,0.11409030388804196,0.003240348817410249,0.11083277597701431,0.11731319594071388,0.8783870854821078,0.0035193182791193847,0.09418083592047362,0.09943242081409245
20,6.0,50,3,0.11716574604014596,0.003392853395764463,0.11388853050369198,0.12066347938532275,0.8647323502804799,0.003462488763354115,0.14729011772190947,0.16570944394076276
40,4.0,50,3,0.11929699849806959,0.014122531664730839,0.10896294872541867,0.13538883286070197,0.8627751934830229,0.01649471027867126,0.0691225463624065,0.07304463508351568
50,6.0,50,3,0.12032500045974369,0.002106156694397523,0.11841596851101924,0.12258435120733105,0.8679203831574197,0.0021965746040482877,0.0895831022522255,0.09048483099680535
25,8.0,50,3,0.12324125802086731,0.007337444901650118,0.115833334985734,0.1305061330327367,0.862924902446994,0.008262797691104712,0.14088906182236496,0.15766420754982297
40,12.0,50,3,0.12486943681341778,0.016282777907713777,0.11499174275336337,0.14366296631667064,0.8659682012805815,0.017699332085924908,0.11937591701944962,0.13294861717460166
50,4.0,50,3,0.1385093301221665,0.0038764993078265115,0.13470560320985664,0.14245471824565645,0.842264622217483,0.004174410533015424,0.06657356666176899,0.06763676605537954
40,2.0,50,3,0.15172754056282053,0.008377515977049391,0.1457076680046082,0.16129519174369542,0.7586558808111757,0.014797325464291364,0.024301079885606324,0.028048946821199936
15,6.0,50,3,0.15345464147942203,0.007116003795254612,0.14674312495364555,0.16091578272776363,0.8195573857897962,0.008147098448754667,0.16189409578902333,0.16930440721845602
10,4.0,50,3,0.16274800469360529,0.007231019619830433,0.15492115204129833,0.16917994802618921,0.7907827845216554,0.009495233039377667,0.14021749059962765,0.14091070248510149
20,8.0,50,3,0.16430804488774195,0.0038541165832667516,0.16026549403014145,0.16794101245842194,0.814084730266262,0.0037776920184544724,0.14760658697966875,0.15096404668897945
40,1.0,50,3,0.16431795503026136,0.0045518625989803855,0.1593637062701463,0.16831528253397382,0.19568446562274142,0.056815111521822774,0.012608037600617827,0.013550323152998374
30,12.0,50,3,0.16801918490335702,0.005834410620819129,0.16386352996446896,0.17468920643599117,0.8179582867860059,0.006454196057587285,0.12734370517658836,0.14788349800940673
50,2.0,50,3,0.18143751172813136,0.0025373638466178496,0.17850806761769356,0.18294676683836886,0.713662202154591,0.00498057549088538,0.02438688275832662,0.027065914055621875
50,1.0,50,3,0.2003996570216968,0.0031912428824321442,0.19736760927323,0.20372925360551117,0.04456685377713424,0.04684968173798422,0.012446036194044843,0.014248717913175753
25,12.0,50,3,0.20930193518494333,0.015480996682530238,0.1986487614820484,0.2270600817062984,0.7715861791981777,0.0170645640375757,0.15685266639036252,0.17491616608379357
15,8.0,50,3,0.21839853202946016,0.007879641982668573,0.21026036831096237,0.22599131595375765,0.7487761736075833,0.008741390716692487,0.15130119233067185,0.16846237229988964
10,6.0,50,3,0.25399417946677777,0.011106096061040096,0.24153054040307673,0.2628410794341769,0.6901803391205329,0.01385076955070248,0.11033133763715704,0.11159133948554423
20,12.0,50,3,0.26423079732040106,0.005479935042515054,0.26101703210264526,0.27055821728365315,0.7071468179572881,0.005575257232217071,0.16040953277719763,0.1743159712542303
10,8.0,50,3,0.34358273503118597,0.013326260174564132,0.32844642488404097,0.3535505352008614,0.5901157718515297,0.01627852244101535,0.07788458787537592,0.0781947856710567
15,12.0,50,3,0.3451284190431996,0.012275082371178702,0.33511696602420554,0.35882355022480034,0.6114329459035387,0.013825852968071659,0.12749528514151934,0.16184315349935832
10,12.0,50,3,0.4789183508855648,0.017730309273257704,0.45862969156417244,0.4914378845650199,0.44047340154996156,0.021181861620817765,0.048055796206240196,0.05127246656291964
15,0.5,100,3,0.03158412161279504,0.000753196703120348,0.030758507993427338,0.03223373401199756,0.396983631151054,0.017226117845659684,3.415786172430065e-14,3.774758283725532e-14
10,0.5,100,3,0.0390638677585859,0.0035447536410171125,0.03696526263320246,0.04315655179117091,0.4926789560425015,0.04565128021042849,3.3898809685221444e-14,4.6629367034256575e-14
20,0.5,100,3,0.05125878610400422,0.001151947042300905,0.04996388192902298,0.052169675796019915,-0.08101631701277896,0.04406931593802826,3.7155463890788574e-14,3.9968028886505635e-14
10,1.0,100,3,0.0562488264393959,0.007237458090588256,0.05102079444503897,0.06450921832846349,0.7829007644468028,0.027446249207863822,0.0005389002449012788,0.0010673238627033708
15,1.0,100,3,0.06385421312853913,0.003801698708705033,0.05966117891284832,0.06707623506591842,0.7018570327734839,0.019036731680908293,3.35657427778339e-14,3.530509218307998e-14
25,0.5,100,3,0.06565647882159771,0.00023362702472876198,0.06540574636648643,0.0658680512765909,-0.4521600692357319,0.06844947471956682,2.938390271841248e-14,3.064215547965432e-14
30,0.5,100,3,0.07432927510164387,0.0006994960418397806,0.07371838537679808,0.07509232789735452,-0.7114529249176261,0.05524862997262789,3.067916291380849e-14,3.26405569239796e-14
20,1.0,100,3,0.07935802535993837,0.0030878638623491684,0.07689148718424905,0.08282110280351729,0.6149596477259208,0.0106176332883249,0.0011659367031060588,0.0034978101092476774
40,0.5,100,3,0.0795029678507154,0.0023145981755309003,0.07696132271070208,0.08148960792599556,-0.8412267015290386,0.13131175307490764,3.848773152033876e-14,5.562217353372034e-14
50,0.5,100,3,0.08482043365808213,0.004125928102786471,0.08085115567101514,0.08908693743845165,-0.7803024230405396,0.0968323104564624,3.8450724086184586e-14,4.574118861455645e-14
25,1.0,100,3,0.0931000665592679,0.0018712064027832283,0.09161250931736564,0.09520097210533145,0.5398150926210104,0.01518670743068537,4.2484534408989326e-14,5.262457136723242e-14
10,2.0,100,3,0.11834820199371275,0.003615285639084566,0.11614394781263887,0.12252054697245972,0.7935186020154434,0.006104945433353822,0.06316083781197375,0.06942243330380911
30,1.0,100,3,0.12120158719897674,0.0026768650708697103,0.11931092110289614,0.12426461779210954,0.3943110156987741,0.021570291420175604,3.5860203695392556e-14,4.4853010194856324e-14
15,2.0,100,3,0.12155724625892422,0.0017867391149773964,0.11969801825416086,0.12326138597728824,0.7855547900633489,0.003467834005774337,0.029954523995245747,0.03498097902309021
20,2.0,100,3,0.1320652076685765,0.003457450442443035,0.12925423498587812,0.1359258494010959,0.7718526531826703,0.0055966157690789985,0.022824191262579008,0.029621128149041217
25,2.0,100,3,0.14187377883937036,0.001208528594387789,0.14057428128856883,0.1429640057073575,0.7600329706487905,0.0021528231223751685,0.015455396756554768,0.01969707750228956
25,4.0,100,3,0.16237682334653603,0.008335592901004175,0.15604131072946162,0.17181977438674806,0.8035714316127313,0.009920878966817545,0.06703157103460468,0.07178832364654272
20,4.0,100,3,0.16391436858519937,0.010935486226646243,0.15133189616600082,0.17112533294933693,0.7970456967766338,0.013611660555943844,0.08418919805827846,0.10270194081867523
30,2.0,100,3,0.16457371383430439,0.007866475834693114,0.15629020816313627,0.17194332856355815,0.7267295559551487,0.01416500658000894,0.016446133931383108,0.021785278257499634
25,6.0,100,3,0.1699638850656532,0.010707617492224425,0.1588526805192893,0.18021618005887094,0.8042310975230462,0.01214714627836708,0.10600126348923646,0.11421450220818956
30,6.0,100,3,0.17377045917387282,0.004077060650516255,0.17064803531705186,0.17838294550681572,0.8024029178465618,0.005170608399794621,0.0828388885425796,0.08465698931470295
40,1.0,100,3,0.17745224223879427,0.004729873213787466,0.17327967456618312,0.1825904041659833,0.10439226648685222,0.05383372274062984,0.0020966058246969527,0.003134662269810423
30,8.0,100,3,0.17888503472047826,0.009935559203316121,0.16986900916944492,0.18953705263352005,0.8002942321811335,0.011639171534838842,0.0954080077813424,0.10575890093888848
30,4.0,100,3,0.18257774174875432,0.002700680185455039,0.1796300663329392,0.18493310126374257,0.7827869777893198,0.003274900245801346,0.0681931463119169,0.07521221159241247
40,8.0,100,3,0.18579880729467282,0.00721477156930763,0.17894917013565578,0.1933303011583558,0.7948943280326158,0.008438100356926258,0.07169393797489641,0.07512283568205842
15,4.0,100,3,0.1905344609916142,0.01635514113294447,0.17208340940545788,0.20324705761882828,0.7579276926021867,0.02018660190765848,0.15385274298491766,0.1745343335410453
50,12.0,100,3,0.19124792999257856,0.001061216778067189,0.1904413837576773,0.1924501357907203,0.7943637465445431,0.0008243781592765068,0.07620061025605653,0.08034797785522069
40,6.0,100,3,0.1926758033465145,0.009888907714532725,0.18513056488609406,0.20387085669351476,0.7837721576484733,0.011704261777839875,0.07365191744665693,0.08388381177825847
25,8.0,100,3,0.19742772474036938,0.01032311399071363,0.19086966030649202,0.20932711226472445,0.7771453159732148,0.011503932072726233,0.12440342170288153,0.1289027499577642
40,12.0,100,3,0.19830194782758762,0.01507808255525648,0.18780714324042952,0.21558026367962738,0.7851230177095937,0.01674312640302206,0.09659436853264365,0.1038582543471384
20,6.0,100,3,0.2005557324687696,0.012213691973744277,0.19056797857581617,0.21417270924998386,0.764354959599039,0.014438936178150102,0.13507987202143837,0.15351658645782493
50,8.0,100,3,0.20327962919736298,0.006805350586339982,0.19873622923363723,0.21110389022618523,0.777609617229546,0.006964969915157262,0.06670220847030157,0.0732218942607271
40,4.0,100,3,0.2044749180515226,0.012158825439926392,0.19555719647988032,0.21832487661963737,0.7610408279390283,0.014861299625545018,0.05541307373473087,0.0593161697380384
40,2.0,100,3,0.20694745792029556,0.00604095096345108,0.20045062876751324,0.2123950761622186,0.663180910845469,0.011827198997512717,0.015323954269594845,0.016176775367084163
50,6.0,100,3,0.21622246841192974,0.011346726317584337,0.20711795325362925,0.22893432468987446,0.7598716770081301,0.011964616081023085,0.06364603678268531,0.06523756724643218
50,1.0,100,3,0.2181755377290134,0.002752479974695783,0.2151796454049788,0.22059251484708944,-0.07286795406699824,0.04722527919050925,0.004763955960577455,0.005328325662376857
30,12.0,100,3,0.2183846475880679,0.013305334489838134,0.20643405593539116,0.23272172822685547,0.7610363298004769,0.015168384901775293,0.10579887430089648,0.11293900600655689
50,2.0,100,3,0.22588726798488587,0.004405146281444056,0.2216202343835707,0.23041862380116895,0.6361940553273988,0.006453443029344512,0.013673873789492494,0.016921745489609404
10,4.0,100,3,0.2301881801722954,0.0074055428279540085,0.22337888190771824,0.23807246739651516,0.695219095351926,0.009787487423603145,0.13823818148036152,0.14075192790413754
50,4.0,100,3,0.23239291423649658,0.01519085153915662,0.21788796414195846,0.24818744919639305,0.7317884375421292,0.016528222903887627,0.04732090816213744,0.05401872534011394
20,8.0,100,3,0.237139150495144,0.011023321644312918,0.22755109700611448,0.24918338708438803,0.7274604352426756,0.012762002133923386,0.12642153182604682,0.13893939703700828
15,6.0,100,3,0.23837334163820498,0.018579047393079362,0.21701903091069105,0.2508326479632661,0.7137093276397732,0.021850443255795167,0.13758925407007486,0.15853617447232177
25,12.0,100,3,0.2672443890343226,0.01172877983186969,0.25370151917836303,0.27410116675859414,0.7047295202363141,0.013055298579832803,0.14866441349017298,0.15347089203489028
15,8.0,100,3,0.28851821817784157,0.021153337684835065,0.26651542308865706,0.30870500909485843,0.6616578768904794,0.024389464597901638,0.11440269449148614,0.12840813180306399
20,12.0,100,3,0.32177390644291975,0.01151849221209649,0.30872152027608724,0.33051416238769216,0.6386811450678346,0.013016477211351813,0.11068704591180482,0.13100616365890416
10,6.0,100,3,0.32575183899259047,0.010407243636376406,0.3150239845137501,0.33580571013546145,0.5919827033470365,0.01311856203320556,0.10623799706933446,0.10733422354569878
15,12.0,100,3,0.4153241572563884,0.023053351469302173,0.39085922562394115,0.4366427308274176,0.5244631424950835,0.025817827070139833,0.07070511163730604,0.075913732922875
10,8.0,100,3,0.4280162654233642,0.01172571640758224,0.41511083740203614,0.4380157908133919,0.47694608932948207,0.014496313920003378,0.07007677284396775,0.07298395196673792
10,12.0,100,3,0.5818481099870317,0.015404930999337181,0.5642430949628411,0.5928550411410015,0.3055940200261631,0.01864561807423339,0.03123727874448125,0.03136059616029176
15,0.5,200,3,0.031425893890643826,0.0018852083809318893,0.029709939920040396,0.03344388687480658,0.30792551766308995,0.026900105879311454,3.4046839421838136e-14,3.985700658404312e-14
10,0.5,200,3,0.046957533571313374,0.0073873067939089695,0.0414746997271733,0.055358120171480875,0.26205540800581956,0.12349433391164295,4.300263848714773e-14,6.52811138479592e-14
20,0.5,200,3,0.050606673602045626,0.0009952310630897804,0.04946839600559558,0.051312662515373766,-0.2231223958251464,0.02459365160132793,5.1514348342607263e-14,5.895284260759581e-14
10,1.0,200,3,0.061937981662321506,0.008831853642009382,0.0559155189829726,0.07207656147185217,0.711716787996762,0.04277072062266271,3.549012935385084e-14,6.23945339839338e-14
25,0.5,200,3,0.06318868378036005,0.0011483132548507954,0.061997280467975424,0.06428841117170409,-0.5669681661952116,0.13164133389791743,5.055215505459879e-14,6.261657858885883e-14
30,0.5,200,3,0.06850941788511762,0.0010910491020488249,0.06724977935184555,0.0691585041495398,-0.7729195561605279,0.08088213715527981,4.877579821519854e-14,5.750955267558311e-14
15,1.0,200,3,0.06874664695909125,0.005938562779675637,0.061969616455608535,0.07304093318315259,0.6316826441166737,0.02912290246461861,4.618527782440651e-14,4.9182879990894435e-14
20,1.0,200,3,0.08066367421477842,0.002496781257233154,0.07784268657430446,0.08258937497954412,0.5548678936898809,0.010175533444773763,3.9745984281580604e-14,4.440892098500626e-14
40,0.5,200,3,0.08127425191800976,0.00605412981580856,0.0750101873230372,0.08709396144484681,-0.9763922042203967,0.08064669197883484,5.984102102729594e-14,7.083222897108499e-14
25,1.0,200,3,0.0947212095696132,0.001826349557103049,0.09334711239300078,0.09679369867149255,0.47741238834226696,0.021727581097144892,4.2262489804064294e-14,4.6407322429331543e-14
50,0.5,200,3,0.09992612537620599,0.004747945189670037,0.09698854176448495,0.10540377430314501,-1.177856258915613,0.1554859403756024,6.720550042397615e-14,9.825473767932635e-14
15,2.0,200,3,0.115897180321745,0.010301190038686774,0.10687929960959044,0.12712347780761318,0.7699380247182931,0.01630436231040522,0.014562474276460824,0.0164947465410965
30,1.0,200,3,0.1261659331431931,0.005643448770046483,0.121283127304545,0.13234460369766013,0.2948136446783165,0.032817320455058474,3.867276869110962e-14,4.4853010194856324e-14
10,2.0,200,3,0.12723323115155438,0.005177648408898863,0.12227064739486614,0.13260201586790926,0.7419707394912697,0.010583793653332015,0.06190483088406112,0.06611678883052041
20,2.0,200,3,0.13673682275041726,0.004998388621191442,0.13158521128508374,0.1415664171358062,0.7363373174469457,0.008702125624864611,0.007135621591855454,0.010467750016599964
25,2.0,200,3,0.16745817570989133,0.004199753161486502,0.16261705181076933,0.17012483959448793,0.6890923294753741,0.005226507040896721,0.00035269582176306996,0.001058087465235475
20,4.0,200,3,0.17955130008636302,0.03211640809555673,0.15999754440054115,0.2166174001221972,0.7578503407530764,0.041686400718193926,0.05753871753000378,0.07265307509337388
40,1.0,200,3,0.17991699351923987,0.006117134270908099,0.17492667366954726,0.18674134072770435,0.028222822184880442,0.06798776267848622,3.35657427778339e-14,4.0967229608668276e-14
25,6.0,200,3,0.1879548288010098,0.01575603419200563,0.17095302670341525,0.20206435334718345,0.7700717392016155,0.018107149470415595,0.0685716523766949,0.07828680513199882
30,2.0,200,3,0.191746551870991,0.014059252843758696,0.18289469682350143,0.207957897808539,0.6508827192357157,0.023026450534573317,0.00034379506347180646,0.0010313851903125018
25,4.0,200,3,0.1925747722539658,0.012321166867127826,0.18287934210144105,0.2064397002358739,0.7493965060078153,0.014366131965652095,0.03143050103948627,0.035463756424003255
15,4.0,200,3,0.19494538288042906,0.04476667044240077,0.14482375277599216,0.23095706224803475,0.7290577820419162,0.05943775010419075,0.07721293553570281,0.10560062402876282
30,8.0,200,3,0.19675709904606845,0.022513674261984924,0.17689304484335477,0.22121255693179928,0.7689629952039118,0.025938739987607932,0.06712756167872054,0.07567424085809178
30,6.0,200,3,0.1996369209700263,0.012742379911446918,0.1873412175017752,0.21278334419934103,0.7592656586128191,0.014970525108370653,0.04878312122089664,0.05957395118567218
50,1.0,200,3,0.2001780757363623,0.008148897494475765,0.19463492479981484,0.20953445481951044,-0.04576309672142561,0.07103298435073786,4.455695072162295e-14,4.8405723873656825e-14
25,8.0,200,3,0.2158403132481808,0.015344182863987454,0.20484245896622855,0.23336959153358303,0.7432916819173041,0.017083185212323816,0.09526955913180372,0.10858914501442198
20,6.0,200,3,0.21635378717329748,0.05170768009050099,0.18616078351373846,0.27605938087740217,0.7272840844750309,0.06362533472873318,0.08433859069416787,0.11888613588530478
50,12.0,200,3,0.21870552863832068,0.006467458045745629,0.2113190094877633,0.22335142387444612,0.7573024250506281,0.006730267077827691,0.056585582282765855,0.0604794357764683
40,8.0,200,3,0.22025391178530626,0.008367701164111339,0.2126269769006259,0.2292045789483605,0.7465635567807913,0.009654215295461944,0.05709889185715764,0.0637876383589264
30,4.0,200,3,0.22315878872314454,0.010817428168309847,0.2151849796818344,0.23547218885756677,0.7148458706634258,0.012757278023603588,0.027734681311853276,0.03296274036816277
40,12.0,200,3,0.2265263170181888,0.01263252570587129,0.21293207392938826,0.237903626532689,0.7461401252013786,0.015154317317003426,0.07768239422606209,0.0819981734848918
40,6.0,200,3,0.23818327931690564,0.003980772408320407,0.23519559581188615,0.24270232509926543,0.7195343559337508,0.004870974649973012,0.039269761771528085,0.050272553043183454
50,8.0,200,3,0.24281374571332545,0.005280579139397759,0.23690323441001643,0.24706665622954718,0.7237179434676587,0.005233650362895463,0.04015340559039313,0.04719786224837222
30,12.0,200,3,0.24322858253746804,0.026860455293029502,0.22128191025056534,0.2731819539864005,0.722611542275979,0.030103042919805235,0.08202028587699102,0.09045386342812425
40,2.0,200,3,0.24531025697206088,0.012168069416439638,0.23288094463145378,0.25719907029369693,0.5719857573330457,0.02491237424915407,4.115226677943914e-14,5.1514348342607263e-14
50,2.0,200,3,0.25730747775903967,0.009365695022375097,0.24848000692341138,0.2671316717744905,0.557643281657679,0.013099331543642567,0.0021478086180117943,0.005285147331355031
40,4.0,200,3,0.2636259091477416,0.004025923465942452,0.25903641535501154,0.26656133521381276,0.6735981901831242,0.00493147410832215,0.018616097972699034,0.025859596097417937
20,8.0,200,3,0.2643361305699694,0.04296701564258007,0.23118329426268627,0.3128786482169271,0.6770510057701182,0.05082200451028253,0.08702285656823538,0.11151380010385563
50,6.0,200,3,0.2677315932010323,0.00925680833461141,0.26142945741936763,0.27835934578401444,0.6888359360852445,0.008941287580908282,0.033757416813752515,0.041988511881065047
10,4.0,200,3,0.2711058564777964,0.008338191583549967,0.2646854492421463,0.28052969164893166,0.6017579645444466,0.01392209063518655,0.09556515232887079,0.11160908128829967
15,6.0,200,3,0.2760974176535909,0.059354937836899095,0.2148400969183127,0.33334682440208113,0.6431683194925321,0.07212069715508977,0.08111911606126374,0.10457697302038631
50,4.0,200,3,0.2927950283515104,0.016717696302112867,0.2786142846804732,0.3112282944980914,0.6432889008824534,0.017604519951908815,0.016115744874700633,0.021122567839632386
25,12.0,200,3,0.3090551163707325,0.01972999388607843,0.28699649760420776,0.32501754467913074,0.643420523195396,0.022456023226702808,0.08390249449573817,0.08580162083662687
15,8.0,200,3,0.3547036713300155,0.06260195461834443,0.29824451897294013,0.4220264413967183,0.5565845638409944,0.072000331465113,0.06358663158038078,0.07084462479603304
20,12.0,200,3,0.38662959138578296,0.032984167730435096,0.35487627664671506,0.4207202700900125,0.543124328127678,0.03695638397096314,0.0865556218097694,0.13579088983172502
10,6.0,200,3,0.4171531306604039,0.008980393160943186,0.4086367443507094,0.42653488063577644,0.43148937785969665,0.014963457699993382,0.04314286079031004,0.046854541059594926
15,12.0,200,3,0.5308581814802965,0.05847580560420159,0.4798398596814763,0.5946722764180834,0.35805720974849625,0.06236561641432495,0.04262905506766606,0.052673851725112415
10,8.0,200,3,0.554430517932245,0.008487162692506194,0.5451256645696959,0.561746909420938,0.26972659987336167,0.014742842588741107,0.018622095532153205,0.020410031197274386
10,12.0,200,3,0.7250250231148825,0.01211975819447707,0.7110778221506283,0.7329962345630804,0.07546009272737168,0.019414524000795616,0.013331902830631947,0.015088545548660008
