method,horizon,relative_error,r2,simplex_violation,n_eval,task,n_clusters,omega,effective_subspace_dim
kahkm_nlms,1,0.010072452792471535,0.8227476160966565,7.771561172376096e-16,1079,Acrobot-v1,20,0.5,6
kahkm_nlms,5,0.02510793485020754,0.5628208352752195,2.6645352591003757e-15,1055,Acrobot-v1,20,0.5,6
kahkm_nlms,10,0.029687843983216493,0.4903317808665958,4.884981308350689e-15,1025,Acrobot-v1,20,0.5,6
kahkm_nlms,20,0.039617074383812845,0.332454373540112,8.881784197001252e-15,965,Acrobot-v1,20,0.5,6
kahkm_nlms,50,0.06247294264264143,0.005519472591129948,1.6653345369377348e-14,785,Acrobot-v1,20,0.5,6
kahkm_nlms,1,0.031605200027853414,0.8163599531241998,1.1102230246251565e-15,1079,Acrobot-v1,20,1.0,6
kahkm_nlms,5,0.06731516394866709,0.6113682203675228,4.440892098500626e-15,1055,Acrobot-v1,20,1.0,6
kahkm_nlms,10,0.0790940709937425,0.5471459256230077,6.8833827526759706e-15,1025,Acrobot-v1,20,1.0,6
kahkm_nlms,20,0.09872031393577554,0.4387974190940491,9.547918011776346e-15,965,Acrobot-v1,20,1.0,6
kahkm_nlms,50,0.13760851423855658,0.2264612787648428,1.354472090042691e-14,785,Acrobot-v1,20,1.0,6
kahkm_nlms,1,0.08966538092857887,0.7898729523142957,0.0010881937278323858,1079,Acrobot-v1,20,2.0,6
kahkm_nlms,5,0.208007402066188,0.5154356349254002,0.009241908152498047,1055,Acrobot-v1,20,2.0,6
kahkm_nlms,10,0.2444300523776421,0.43418938969982845,5.773159728050814e-15,1025,Acrobot-v1,20,2.0,6
kahkm_nlms,20,0.28651068473660357,0.33988128395863604,7.771561172376096e-15,965,Acrobot-v1,20,2.0,6
kahkm_nlms,50,0.37833601533413247,0.11425643043834333,1.0436096431476471e-14,785,Acrobot-v1,20,2.0,6
kahkm_nlms,1,0.26476382569830725,0.6385560260603842,0.01717011687474839,1079,Acrobot-v1,20,4.0,6
kahkm_nlms,5,0.5018301444874641,0.3195721436599356,0.02108639892346839,1055,Acrobot-v1,20,4.0,6
kahkm_nlms,10,0.5765326857459071,0.22375241077329344,0.003917553810916863,1025,Acrobot-v1,20,4.0,6
kahkm_nlms,20,0.6456492898670677,0.1395491493176425,1.3211653993039363e-14,965,Acrobot-v1,20,4.0,6
kahkm_nlms,50,0.7624707718141457,-0.009227665874716351,2.3869795029440866e-14,785,Acrobot-v1,20,4.0,6
kahkm_nlms,1,0.44652140804485474,0.4888908255387193,0.029016549829226083,1079,Acrobot-v1,20,8.0,6
kahkm_nlms,5,0.7098721030026007,0.1903634943761583,0.01867721942027695,1055,Acrobot-v1,20,8.0,6
kahkm_nlms,10,0.7803997740917671,0.11291640834214578,0.0035027710258459023,1025,Acrobot-v1,20,8.0,6
kahkm_nlms,20,0.8420389801209405,0.047766858144968616,5.88418203051333e-15,965,Acrobot-v1,20,8.0,6
kahkm_nlms,50,0.9246153432558196,-0.04577416160635317,1.0436096431476471e-14,785,Acrobot-v1,20,8.0,6
kahkm_nlms,1,0.009666324415078876,0.8284698080664993,8.881784197001252e-16,1079,Acrobot-v1,40,0.5,6
kahkm_nlms,5,0.02777598566117759,0.5121927682700758,1.9984014443252818e-15,1055,Acrobot-v1,40,0.5,6
kahkm_nlms,10,0.034501826766356124,0.4018956407235078,3.552713678800501e-15,1025,Acrobot-v1,40,0.5,6
kahkm_nlms,20,0.04686630814260723,0.20122421487112918,7.105427357601002e-15,965,Acrobot-v1,40,0.5,6
kahkm_nlms,50,0.07315602470020689,-0.181151567779531,1.5987211554602254e-14,785,Acrobot-v1,40,0.5,6
kahkm_nlms,1,0.03283012279232755,0.8118504018970485,8.881784197001252e-16,1079,Acrobot-v1,40,1.0,6
kahkm_nlms,5,0.07256344543174376,0.5860856472669974,2.886579864025407e-15,1055,Acrobot-v1,40,1.0,6
kahkm_nlms,10,0.09409619265310382,0.4659331700138398,4.440892098500626e-15,1025,Acrobot-v1,40,1.0,6
kahkm_nlms,20,0.11776995231293316,0.3326587047379216,7.993605777301127e-15,965,Acrobot-v1,40,1.0,6
kahkm_nlms,50,0.1365760082982919,0.22529623238215835,1.7319479184152442e-14,785,Acrobot-v1,40,1.0,6
kahkm_nlms,1,0.09866333133895666,0.7836064369229341,0.0018270757756144937,1079,Acrobot-v1,40,2.0,6
kahkm_nlms,5,0.19584272834456343,0.571103278915366,0.015361643160882258,1055,Acrobot-v1,40,2.0,6
kahkm_nlms,10,0.2463327640782996,0.46038423906557413,0.016282187113619805,1025,Acrobot-v1,40,2.0,6
kahkm_nlms,20,0.2879358489841109,0.3639959364975148,1.0103029524088925e-14,965,Acrobot-v1,40,2.0,6
kahkm_nlms,50,0.345130819255114,0.1919560517854053,1.9095836023552692e-14,785,Acrobot-v1,40,2.0,6
kahkm_nlms,1,0.26137464901330176,0.6702872118365144,0.03991376685452441,1079,Acrobot-v1,40,4.0,6
kahkm_nlms,5,0.5152775359882692,0.35292100094733514,0.06405890933847741,1055,Acrobot-v1,40,4.0,6
kahkm_nlms,10,0.601001360611082,0.2486057953419395,0.05092976210786905,1025,Acrobot-v1,40,4.0,6
kahkm_nlms,20,0.6652969303934385,0.1715655431449008,0.022686055989236238,965,Acrobot-v1,40,4.0,6
kahkm_nlms,50,0.7386093920412922,0.06714117670769693,2.398081733190338e-14,785,Acrobot-v1,40,4.0,6
kahkm_nlms,1,0.478851397122972,0.4798473023836931,0.07189788302756767,1079,Acrobot-v1,40,8.0,6
kahkm_nlms,5,0.7400992497531336,0.1978952456164813,0.0669136857277781,1055,Acrobot-v1,40,8.0,6
kahkm_nlms,10,0.8019345671389411,0.1329004971353771,0.03966212224281604,1025,Acrobot-v1,40,8.0,6
kahkm_nlms,20,0.8439757455840116,0.08982173346881239,0.004998825531879907,965,Acrobot-v1,40,8.0,6
kahkm_nlms,50,0.8944786304494283,0.03058427439523126,2.1760371282653068e-14,785,Acrobot-v1,40,8.0,6
kahkm_nlms,1,0.010024888500671935,0.8235610874453896,9.992007221626409e-16,1079,Acrobot-v1,50,0.5,6
kahkm_nlms,5,0.02897153452826864,0.49577297059392844,1.6653345369377348e-15,1055,Acrobot-v1,50,0.5,6
kahkm_nlms,10,0.035852773918322416,0.38483615101202406,2.220446049250313e-15,1025,Acrobot-v1,50,0.5,6
kahkm_nlms,20,0.04839304861031258,0.18616364475302116,4.773959005888173e-15,965,Acrobot-v1,50,0.5,6
kahkm_nlms,50,0.08164660525068927,-0.2886058946487833,1.0769163338864018e-14,785,Acrobot-v1,50,0.5,6
kahkm_nlms,1,0.03380106920149429,0.8039155383211594,1.1102230246251565e-15,1079,Acrobot-v1,50,1.0,6
kahkm_nlms,5,0.07803144595238494,0.549726770619697,3.1086244689504383e-15,1055,Acrobot-v1,50,1.0,6
kahkm_nlms,10,0.10324301097035148,0.40777675388849166,5.995204332975845e-15,1025,Acrobot-v1,50,1.0,6
kahkm_nlms,20,0.13025428601523234,0.2562590844098105,9.547918011776346e-15,965,Acrobot-v1,50,1.0,6
kahkm_nlms,50,0.13998656676884633,0.20694189187597967,1.7319479184152442e-14,785,Acrobot-v1,50,1.0,6
kahkm_nlms,1,0.10381130329109205,0.7702882102208974,0.001005576964869876,1079,Acrobot-v1,50,2.0,6
kahkm_nlms,5,0.18744398292110778,0.5856139775139146,0.019360060689787125,1055,Acrobot-v1,50,2.0,6
kahkm_nlms,10,0.24114696784167006,0.46614088690505584,0.006357162662460548,1025,Acrobot-v1,50,2.0,6
kahkm_nlms,20,0.27925330144472515,0.3759774182277006,0.004105352943883638,965,Acrobot-v1,50,2.0,6
kahkm_nlms,50,0.3359878976932059,0.20205197507342343,1.2878587085651816e-14,785,Acrobot-v1,50,2.0,6
kahkm_nlms,1,0.2579682114179258,0.679014385061032,0.04215871853983028,1079,Acrobot-v1,50,4.0,6
kahkm_nlms,5,0.4865653517504074,0.3971752941496751,0.07960966805988584,1055,Acrobot-v1,50,4.0,6
kahkm_nlms,10,0.5847550626631375,0.2781338470414192,0.027466943375756205,1025,Acrobot-v1,50,4.0,6
kahkm_nlms,20,0.6645745753231317,0.18092162545693824,0.013729229413854365,965,Acrobot-v1,50,4.0,6
kahkm_nlms,50,0.7395182072070478,0.06847093755701594,1.199040866595169e-14,785,Acrobot-v1,50,4.0,6
kahkm_nlms,1,0.476858760425576,0.48734296623313333,0.06295528997471479,1079,Acrobot-v1,50,8.0,6
kahkm_nlms,5,0.7331788970909089,0.2135667081823327,0.0763961454807344,1055,Acrobot-v1,50,8.0,6
kahkm_nlms,10,0.8040612846503433,0.13922414302945363,0.026483144334049913,1025,Acrobot-v1,50,8.0,6
kahkm_nlms,20,0.854685465137324,0.08608939795987791,0.004589325171281942,965,Acrobot-v1,50,8.0,6
kahkm_nlms,50,0.9052325961580334,0.023062635709474644,1.1213252548714081e-14,785,Acrobot-v1,50,8.0,6
kahkm_nlms,1,0.010219851250096258,0.8155028906622919,1.1102230246251565e-15,1079,Acrobot-v1,75,0.5,6
kahkm_nlms,5,0.029174051761796604,0.4789647189009799,2.220446049250313e-15,1055,Acrobot-v1,75,0.5,6
kahkm_nlms,10,0.036083229095844674,0.3649508148228625,3.3306690738754696e-15,1025,Acrobot-v1,75,0.5,6
kahkm_nlms,20,0.04424057175422287,0.23701701065038117,6.217248937900877e-15,965,Acrobot-v1,75,0.5,6
kahkm_nlms,50,0.08263526293927546,-0.3334604029131081,1.1546319456101628e-14,785,Acrobot-v1,75,0.5,6
kahkm_nlms,1,0.03728992986014568,0.7811720502984262,1.1102230246251565e-15,1079,Acrobot-v1,75,1.0,6
kahkm_nlms,5,0.08763053541347075,0.4881364165202472,2.7755575615628914e-15,1055,Acrobot-v1,75,1.0,6
kahkm_nlms,10,0.11591314046055903,0.32743253291383645,4.9960036108132044e-15,1025,Acrobot-v1,75,1.0,6
kahkm_nlms,20,0.1493808333394795,0.1371377034536405,9.103828801926284e-15,965,Acrobot-v1,75,1.0,6
kahkm_nlms,50,0.14157373487955568,0.19385333846224706,1.8762769116165146e-14,785,Acrobot-v1,75,1.0,6
kahkm_nlms,1,0.13392799647647616,0.7073259847275724,0.002953819353407699,1079,Acrobot-v1,75,2.0,6
kahkm_nlms,5,0.21580610639802936,0.5280521130857989,0.019018033820901798,1055,Acrobot-v1,75,2.0,6
kahkm_nlms,10,0.2584445630232528,0.43358335468225095,0.01602058894169602,1025,Acrobot-v1,75,2.0,6
kahkm_nlms,20,0.28984571134266024,0.356877466930709,0.0031745134370382714,965,Acrobot-v1,75,2.0,6
kahkm_nlms,50,0.33725650712385924,0.20749184711633428,1.865174681370263e-14,785,Acrobot-v1,75,2.0,6
kahkm_nlms,1,0.2807922173005651,0.6623192266567794,0.034449849993124795,1079,Acrobot-v1,75,4.0,6
kahkm_nlms,5,0.5154454497230574,0.3821073384868746,0.04970118214170957,1055,Acrobot-v1,75,4.0,6
kahkm_nlms,10,0.6136422401334899,0.2659066296576128,0.05578111269061962,1025,Acrobot-v1,75,4.0,6
kahkm_nlms,20,0.6962175968526005,0.1674449510446394,0.026656957023566987,965,Acrobot-v1,75,4.0,6
kahkm_nlms,50,0.7630762017320697,0.06897148619125049,0.00010325669967568276,785,Acrobot-v1,75,4.0,6
kahkm_nlms,1,0.5071712325053688,0.4673265073660635,0.11766088513909284,1079,Acrobot-v1,75,8.0,6
kahkm_nlms,5,0.7775089807682677,0.18461471471448576,0.08841051572028133,1055,Acrobot-v1,75,8.0,6
kahkm_nlms,10,0.8460904526475059,0.11370668924923766,0.04495987541397518,1025,Acrobot-v1,75,8.0,6
kahkm_nlms,20,0.8939669285052196,0.06475005431540315,0.019580583725846687,965,Acrobot-v1,75,8.0,6
kahkm_nlms,50,0.9284949500264149,0.02412444529455071,8.43769498715119e-15,785,Acrobot-v1,75,8.0,6
kahkm_nlms,1,0.010120185543766673,0.8133383751091201,1.4432899320127035e-15,1079,Acrobot-v1,100,0.5,6
kahkm_nlms,5,0.029724179022489954,0.4574987497515973,2.3314683517128287e-15,1055,Acrobot-v1,100,0.5,6
kahkm_nlms,10,0.03563285333061927,0.3586968770444814,4.107825191113079e-15,1025,Acrobot-v1,100,0.5,6
kahkm_nlms,20,0.04116033350537674,0.27295778766168544,7.216449660063518e-15,965,Acrobot-v1,100,0.5,6
kahkm_nlms,50,0.07799961658290301,-0.29500696732608245,1.63202784619898e-14,785,Acrobot-v1,100,0.5,6
kahkm_nlms,1,0.036863991508425537,0.7799658160483839,1.3322676295501878e-15,1079,Acrobot-v1,100,1.0,6
kahkm_nlms,5,0.09352383949472405,0.4443330278015565,2.7755575615628914e-15,1055,Acrobot-v1,100,1.0,6
kahkm_nlms,10,0.1227380302562673,0.27508788559803365,5.10702591327572e-15,1025,Acrobot-v1,100,1.0,6
kahkm_nlms,20,0.16200895322216566,0.046202591672656834,0.0004222143383373233,965,Acrobot-v1,100,1.0,6
kahkm_nlms,50,0.15293281712378207,0.11027571872301156,1.9317880628477724e-14,785,Acrobot-v1,100,1.0,6
kahkm_nlms,1,0.14376033044665248,0.6842903962319486,0.0007300157118731883,1079,Acrobot-v1,100,2.0,6
kahkm_nlms,5,0.23998624974078644,0.47222465648799417,0.016784932445435184,1055,Acrobot-v1,100,2.0,6
kahkm_nlms,10,0.27473283288936273,0.39383153552757055,0.014693253302548896,1025,Acrobot-v1,100,2.0,6
kahkm_nlms,20,0.301115374955509,0.3256176058761179,0.007478223681618518,965,Acrobot-v1,100,2.0,6
kahkm_nlms,50,0.33970330274387556,0.19186718229696365,0.0010450065358471588,785,Acrobot-v1,100,2.0,6
kahkm_nlms,1,0.29750854471560184,0.6473570111728086,0.05861223495990521,1079,Acrobot-v1,100,4.0,6
kahkm_nlms,5,0.5294285239210779,0.3741025391727545,0.06889516100340957,1055,Acrobot-v1,100,4.0,6
kahkm_nlms,10,0.623347541994565,0.26439192931598354,0.034707926416658264,1025,Acrobot-v1,100,4.0,6
kahkm_nlms,20,0.716082543443379,0.1540397190005115,0.02057995287580065,965,Acrobot-v1,100,4.0,6
kahkm_nlms,50,0.7756226271722554,0.06403509349853997,0.006880570233211102,785,Acrobot-v1,100,4.0,6
kahkm_nlms,1,0.531302906339178,0.4469565309662017,0.12445630885206886,1079,Acrobot-v1,100,8.0,6
kahkm_nlms,5,0.792580992490868,0.17590955476232695,0.0863907124808775,1055,Acrobot-v1,100,8.0,6
kahkm_nlms,10,0.857475403957044,0.10916768906869057,0.03878503967771031,1025,Acrobot-v1,100,8.0,6
kahkm_nlms,20,0.9053871492758542,0.059844684421833994,0.02057161525891966,965,Acrobot-v1,100,8.0,6
kahkm_nlms,50,0.9352731159429729,0.023281490834566543,0.006992229475328942,785,Acrobot-v1,100,8.0,6
kahkm_nlms,1,0.0114099043377271,0.752865729849862,1.9984014443252818e-15,1079,Acrobot-v1,150,0.5,6
kahkm_nlms,5,0.029257996098094013,0.3727553222355735,2.4424906541753444e-15,1055,Acrobot-v1,150,0.5,6
kahkm_nlms,10,0.033421450377598,0.29262371077988103,2.55351295663786e-15,1025,Acrobot-v1,150,0.5,6
kahkm_nlms,20,0.03451665126066245,0.2809615499221578,4.6629367034256575e-15,965,Acrobot-v1,150,0.5,6
kahkm_nlms,50,0.058345022038655464,-0.15291484915219855,1.1657341758564144e-14,785,Acrobot-v1,150,0.5,6
kahkm_nlms,1,0.03930384615679999,0.7291949982191125,1.7763568394002505e-15,1079,Acrobot-v1,150,1.0,6
kahkm_nlms,5,0.09529500065071426,0.34626780910055555,3.1086244689504383e-15,1055,Acrobot-v1,150,1.0,6
kahkm_nlms,10,0.11811957520464936,0.19326911990576057,4.218847493575595e-15,1025,Acrobot-v1,150,1.0,6
kahkm_nlms,20,0.14497075415855157,0.010331190365782783,6.483606188530904e-05,965,Acrobot-v1,150,1.0,6
kahkm_nlms,50,0.17013844806641454,-0.15757506731022963,7.811495490133146e-07,785,Acrobot-v1,150,1.0,6
kahkm_nlms,1,0.15925536814988764,0.6216483610699715,0.0002848855591677228,1079,Acrobot-v1,150,2.0,6
kahkm_nlms,5,0.26653141662065544,0.3650767023818424,0.01480819130904392,1055,Acrobot-v1,150,2.0,6
kahkm_nlms,10,0.30519759499639876,0.2684547401915084,0.018235261574318377,1025,Acrobot-v1,150,2.0,6
kahkm_nlms,20,0.3224078698971704,0.2127382490098565,0.0051778927540406606,965,Acrobot-v1,150,2.0,6
kahkm_nlms,50,0.34509602810726525,0.09513222652699338,0.004591012374119708,785,Acrobot-v1,150,2.0,6
kahkm_nlms,1,0.3357091613229754,0.6028060582303547,0.045479816343395846,1079,Acrobot-v1,150,4.0,6
kahkm_nlms,5,0.5367562491505875,0.3660707752365443,0.04580096651427219,1055,Acrobot-v1,150,4.0,6
kahkm_nlms,10,0.6278844318939263,0.25948278122636514,0.02469015915433873,1025,Acrobot-v1,150,4.0,6
kahkm_nlms,20,0.7252631161216289,0.1433237678021254,0.01301602564096192,965,Acrobot-v1,150,4.0,6
kahkm_nlms,50,0.7803487152094281,0.05311892894797621,0.0017113700243603896,785,Acrobot-v1,150,4.0,6
kahkm_nlms,1,0.558342121646695,0.4222952959205536,0.08782980433399533,1079,Acrobot-v1,150,8.0,6
kahkm_nlms,5,0.7967959900811952,0.17620287856700934,0.05857855614140925,1055,Acrobot-v1,150,8.0,6
kahkm_nlms,10,0.8654829177923028,0.10596900232287232,0.03371572449973949,1025,Acrobot-v1,150,8.0,6
kahkm_nlms,20,0.9171250385076104,0.0533626112811274,0.012401022747276065,965,Acrobot-v1,150,8.0,6
kahkm_nlms,50,0.9461976043366563,0.018152601582146044,0.0004972326858615094,785,Acrobot-v1,150,8.0,6
