task,n_clusters,omega,method,metric_space,horizon,relative_error,association_r2,simplex_violation
CartPole-v1,10,2.0,kahkm_nlms,kahkm_association,1,0.1439349810014776,0.1520546264368282,0.008290596716448828
CartPole-v1,10,2.0,kahkm_nlms,kahkm_association,10,0.16228264863597924,0.040687155472946324,1.5543122344752192e-15
CartPole-v1,10,2.0,kahkm_nlms,kahkm_association,20,0.17436135796761798,-0.03226085140526891,2.6645352591003757e-15
CartPole-v1,10,2.0,kahkm_nlms,kahkm_association,5,0.1577794522594596,0.06875558509695612,1.1102230246251565e-15
CartPole-v1,10,2.0,kahkm_nlms,kahkm_association,50,0.1814170523575432,-0.08368092047323383,5.551115123125783e-15
CartPole-v1,10,2.0,kahkm_nlms_simplex_project_each_step,kahkm_association,1,0.1439199340088874,0.15214327082100865,4.440892098500626e-16
CartPole-v1,10,2.0,kahkm_nlms_simplex_project_each_step,kahkm_association,10,0.16228244373016193,0.04068836674712828,4.440892098500626e-16
CartPole-v1,10,2.0,kahkm_nlms_simplex_project_each_step,kahkm_association,20,0.17436182688004215,-0.03226362747872824,4.440892098500626e-16
CartPole-v1,10,2.0,kahkm_nlms_simplex_project_each_step,kahkm_association,5,0.15778074517275908,0.06874795407611112,4.440892098500626e-16
CartPole-v1,10,2.0,kahkm_nlms_simplex_project_each_step,kahkm_association,50,0.18141715327114083,-0.08368152327290956,4.440892098500626e-16
CartPole-v1,10,4.0,kahkm_nlms,kahkm_association,1,0.276499744656468,0.18006576692823284,0.05566882242407776
CartPole-v1,10,4.0,kahkm_nlms,kahkm_association,10,0.30850280179523426,0.08196205735696649,2.4424906541753444e-15
CartPole-v1,10,4.0,kahkm_nlms,kahkm_association,20,0.344951403472868,-0.024821203036410555,3.552713678800501e-15
CartPole-v1,10,4.0,kahkm_nlms,kahkm_association,5,0.29212895583733367,0.13142021045729624,0.013947333224150801
CartPole-v1,10,4.0,kahkm_nlms,kahkm_association,50,0.36583491205901325,-0.08794570505128818,5.551115123125783e-15
CartPole-v1,10,4.0,kahkm_nlms_simplex_project_each_step,kahkm_association,1,0.27355751568284564,0.18879067284091577,4.440892098500626e-16
CartPole-v1,10,4.0,kahkm_nlms_simplex_project_each_step,kahkm_association,10,0.30922059631556736,0.07982605534709031,4.440892098500626e-16
CartPole-v1,10,4.0,kahkm_nlms_simplex_project_each_step,kahkm_association,20,0.3453745571276613,-0.026078356459207752,4.440892098500626e-16
CartPole-v1,10,4.0,kahkm_nlms_simplex_project_each_step,kahkm_association,5,0.2913567866566862,0.13371608195861906,4.440892098500626e-16
CartPole-v1,10,4.0,kahkm_nlms_simplex_project_each_step,kahkm_association,50,0.36587280584045845,-0.0880583962554693,4.440892098500626e-16
CartPole-v1,10,8.0,kahkm_nlms,kahkm_association,1,0.45609055464556936,0.1370890700885241,0.23541024799694193
CartPole-v1,10,8.0,kahkm_nlms,kahkm_association,10,0.46319045502810113,0.12185698930419842,0.029975319828971902
CartPole-v1,10,8.0,kahkm_nlms,kahkm_association,20,0.526515998030484,0.0072727324214793,0.021838309593914147
CartPole-v1,10,8.0,kahkm_nlms,kahkm_association,5,0.4448737487768418,0.15630779971176012,0.05605996128645733
CartPole-v1,10,8.0,kahkm_nlms,kahkm_association,50,0.5914409412489936,-0.10394853782333935,0.006057687435294282
CartPole-v1,10,8.0,kahkm_nlms_simplex_project_each_step,kahkm_association,1,0.4407621343161541,0.16609002462661693,4.440892098500626e-16
CartPole-v1,10,8.0,kahkm_nlms_simplex_project_each_step,kahkm_association,10,0.4653453425245176,0.11777163008905855,5.551115123125783e-16
CartPole-v1,10,8.0,kahkm_nlms_simplex_project_each_step,kahkm_association,20,0.5290558945659228,0.0024838474550393785,4.440892098500626e-16
CartPole-v1,10,8.0,kahkm_nlms_simplex_project_each_step,kahkm_association,5,0.44165802222124084,0.16240634659316133,4.440892098500626e-16
CartPole-v1,10,8.0,kahkm_nlms_simplex_project_each_step,kahkm_association,50,0.5921003101397105,-0.10517927663769333,4.440892098500626e-16
CartPole-v1,10,12.0,kahkm_nlms,kahkm_association,1,0.5546648101497703,0.11905404998104718,0.29895312891869685
CartPole-v1,10,12.0,kahkm_nlms,kahkm_association,10,0.582024001349018,0.07463084750796667,0.02111870640452509
CartPole-v1,10,12.0,kahkm_nlms,kahkm_association,20,0.6530801260174165,-0.032313082956195505,0.015788208778303683
CartPole-v1,10,12.0,kahkm_nlms,kahkm_association,5,0.5583668949141922,0.11169751539712813,0.07084451713311116
CartPole-v1,10,12.0,kahkm_nlms,kahkm_association,50,0.7303428925022758,-0.14059558626949875,0.0025011919253851702
CartPole-v1,10,12.0,kahkm_nlms_simplex_project_each_step,kahkm_association,1,0.5314500444025395,0.1559248834852306,4.440892098500626e-16
CartPole-v1,10,12.0,kahkm_nlms_simplex_project_each_step,kahkm_association,10,0.5866426830007352,0.06728753260037912,4.440892098500626e-16
CartPole-v1,10,12.0,kahkm_nlms_simplex_project_each_step,kahkm_association,20,0.6579798905531687,-0.040058060688877184,5.551115123125783e-16
CartPole-v1,10,12.0,kahkm_nlms_simplex_project_each_step,kahkm_association,5,0.5595935577607745,0.1097460249625879,4.440892098500626e-16
CartPole-v1,10,12.0,kahkm_nlms_simplex_project_each_step,kahkm_association,50,0.7316873307195426,-0.14269523057680855,4.440892098500626e-16
CartPole-v1,15,2.0,kahkm_nlms,kahkm_association,1,0.13206572515638465,0.2587324963040999,0.008793763532926458
CartPole-v1,15,2.0,kahkm_nlms,kahkm_association,10,0.1567286341191751,0.12099302301435988,4.3298697960381105e-15
CartPole-v1,15,2.0,kahkm_nlms,kahkm_association,20,0.16847619685961152,0.056382455837741374,6.772360450213455e-15
CartPole-v1,15,2.0,kahkm_nlms,kahkm_association,5,0.15489390410286621,0.13089673590351536,2.886579864025407e-15
CartPole-v1,15,2.0,kahkm_nlms,kahkm_association,50,0.18267565874104918,-0.024060440917549775,1.176836406102666e-14
CartPole-v1,15,2.0,kahkm_nlms_simplex_project_each_step,kahkm_association,1,0.13204588963810301,0.2588438304530908,5.551115123125783e-16
CartPole-v1,15,2.0,kahkm_nlms_simplex_project_each_step,kahkm_association,10,0.15672170733611576,0.12103187163108797,5.551115123125783e-16
CartPole-v1,15,2.0,kahkm_nlms_simplex_project_each_step,kahkm_association,20,0.168482491473261,0.05634720036554952,4.440892098500626e-16
CartPole-v1,15,2.0,kahkm_nlms_simplex_project_each_step,kahkm_association,5,0.1549030750093746,0.13084527832791004,5.551115123125783e-16
CartPole-v1,15,2.0,kahkm_nlms_simplex_project_each_step,kahkm_association,50,0.18267817679918263,-0.024074556885381515,4.440892098500626e-16
CartPole-v1,15,4.0,kahkm_nlms,kahkm_association,1,0.26987901857102453,0.28656571278059506,0.04677422591583273
CartPole-v1,15,4.0,kahkm_nlms,kahkm_association,10,0.32763578126331566,0.1342232059842564,0.020445523300902504
CartPole-v1,15,4.0,kahkm_nlms,kahkm_association,20,0.37523916032780175,0.011467357937311351,0.0154545620274122
CartPole-v1,15,4.0,kahkm_nlms,kahkm_association,5,0.3050554437459559,0.19334195128310916,0.02727370148001533
CartPole-v1,15,4.0,kahkm_nlms,kahkm_association,50,0.4144737873291699,-0.08579862741557154,0.003995334253747166
CartPole-v1,15,4.0,kahkm_nlms_simplex_project_each_step,kahkm_association,1,0.2613784671317074,0.3090372071901728,4.440892098500626e-16
CartPole-v1,15,4.0,kahkm_nlms_simplex_project_each_step,kahkm_association,10,0.3280182585027267,0.1332125107639588,4.440892098500626e-16
CartPole-v1,15,4.0,kahkm_nlms_simplex_project_each_step,kahkm_association,20,0.3763886449448235,0.008439147703384164,4.440892098500626e-16
CartPole-v1,15,4.0,kahkm_nlms_simplex_project_each_step,kahkm_association,5,0.3040395611872908,0.19602824932924634,4.440892098500626e-16
CartPole-v1,15,4.0,kahkm_nlms_simplex_project_each_step,kahkm_association,50,0.41521236670306355,-0.0877334867358166,4.440892098500626e-16
CartPole-v1,15,8.0,kahkm_nlms,kahkm_association,1,0.4367977474685893,0.2776688655782311,0.3352481361127201
CartPole-v1,15,8.0,kahkm_nlms,kahkm_association,10,0.5230655771489162,0.13588715643607874,0.08755696914068578
CartPole-v1,15,8.0,kahkm_nlms,kahkm_association,20,0.6227047398301622,-0.023562525601297457,0.025937385037285113
CartPole-v1,15,8.0,kahkm_nlms,kahkm_association,5,0.49251978358727205,0.1854360602716396,0.22252971214883824
CartPole-v1,15,8.0,kahkm_nlms,kahkm_association,50,0.7341900084024309,-0.19104372547017223,0.03414412804869246
CartPole-v1,15,8.0,kahkm_nlms_simplex_project_each_step,kahkm_association,1,0.3967391695541817,0.3439136166007112,4.440892098500626e-16
CartPole-v1,15,8.0,kahkm_nlms_simplex_project_each_step,kahkm_association,10,0.5323286761249401,0.12058436621995416,6.661338147750939e-16
CartPole-v1,15,8.0,kahkm_nlms_simplex_project_each_step,kahkm_association,20,0.631098079583978,-0.03735896472746947,4.440892098500626e-16
CartPole-v1,15,8.0,kahkm_nlms_simplex_project_each_step,kahkm_association,5,0.48784427739806413,0.19316874202092138,6.661338147750939e-16
CartPole-v1,15,8.0,kahkm_nlms_simplex_project_each_step,kahkm_association,50,0.7314328655406818,-0.18657093550009773,4.440892098500626e-16
CartPole-v1,15,12.0,kahkm_nlms,kahkm_association,1,0.5559022120802478,0.20747429766015824,0.44451610017183196
CartPole-v1,15,12.0,kahkm_nlms,kahkm_association,10,0.6968095244903374,0.007918546898765588,0.17761883074643312
CartPole-v1,15,12.0,kahkm_nlms,kahkm_association,20,0.8122369002955513,-0.1509287687212406,0.1024967692973791
CartPole-v1,15,12.0,kahkm_nlms,kahkm_association,5,0.6570336371261623,0.06351887181152116,0.37125210841240885
CartPole-v1,15,12.0,kahkm_nlms,kahkm_association,50,0.9504996004790889,-0.328997952748854,0.03782851293635799
CartPole-v1,15,12.0,kahkm_nlms_simplex_project_each_step,kahkm_association,1,0.5076906607918551,0.2762074178302415,4.440892098500626e-16
CartPole-v1,15,12.0,kahkm_nlms_simplex_project_each_step,kahkm_association,10,0.7360485618990905,-0.04794797025201891,6.661338147750939e-16
CartPole-v1,15,12.0,kahkm_nlms_simplex_project_each_step,kahkm_association,20,0.8368633975998839,-0.18582418434453873,4.440892098500626e-16
CartPole-v1,15,12.0,kahkm_nlms_simplex_project_each_step,kahkm_association,5,0.6707162472387174,0.04401681677090785,5.551115123125783e-16
CartPole-v1,15,12.0,kahkm_nlms_simplex_project_each_step,kahkm_association,50,0.9354514735092283,-0.30795751262076854,5.551115123125783e-16
CartPole-v1,20,2.0,kahkm_nlms,kahkm_association,1,0.14336540753022628,0.2743448125320883,0.005328043143690463
CartPole-v1,20,2.0,kahkm_nlms,kahkm_association,10,0.17243798834723928,0.12643400172049968,2.886579864025407e-15
CartPole-v1,20,2.0,kahkm_nlms,kahkm_association,20,0.18067273271526582,0.08392972976651314,3.774758283725532e-15
CartPole-v1,20,2.0,kahkm_nlms,kahkm_association,5,0.16929439160679022,0.14272306950345803,2.1094237467877974e-15
CartPole-v1,20,2.0,kahkm_nlms,kahkm_association,50,0.1908104838974405,0.026242170759570915,6.8833827526759706e-15
CartPole-v1,20,2.0,kahkm_nlms_simplex_project_each_step,kahkm_association,1,0.1433438166061631,0.27445409667753595,5.551115123125783e-16
CartPole-v1,20,2.0,kahkm_nlms_simplex_project_each_step,kahkm_association,10,0.17242409338638925,0.12650439320130014,5.551115123125783e-16
CartPole-v1,20,2.0,kahkm_nlms_simplex_project_each_step,kahkm_association,20,0.18067422697996882,0.08392215335224351,5.551115123125783e-16
CartPole-v1,20,2.0,kahkm_nlms_simplex_project_each_step,kahkm_association,5,0.16931721135155486,0.1426075143420562,4.440892098500626e-16
CartPole-v1,20,2.0,kahkm_nlms_simplex_project_each_step,kahkm_association,50,0.19082034064307085,0.02619186910406268,6.661338147750939e-16
CartPole-v1,20,4.0,kahkm_nlms,kahkm_association,1,0.2722133313073813,0.3362836195384026,0.05484450012291769
CartPole-v1,20,4.0,kahkm_nlms,kahkm_association,10,0.3249693951595121,0.20764132255901446,0.014158130508725785
CartPole-v1,20,4.0,kahkm_nlms,kahkm_association,20,0.36718349216070095,0.10642831306141232,0.010722433426244668
CartPole-v1,20,4.0,kahkm_nlms,kahkm_association,5,0.3054137046288677,0.2551427785670817,0.024792145664143603
CartPole-v1,20,4.0,kahkm_nlms,kahkm_association,50,0.4121553730576504,2.1713566580205956e-05,0.0028178029120326875
CartPole-v1,20,4.0,kahkm_nlms_simplex_project_each_step,kahkm_association,1,0.2621475846298054,0.3608261388904034,6.661338147750939e-16
CartPole-v1,20,4.0,kahkm_nlms_simplex_project_each_step,kahkm_association,10,0.3268100484053873,0.20315333817262882,5.551115123125783e-16
CartPole-v1,20,4.0,kahkm_nlms_simplex_project_each_step,kahkm_association,20,0.3675383536664616,0.10556472795722871,5.551115123125783e-16
CartPole-v1,20,4.0,kahkm_nlms_simplex_project_each_step,kahkm_association,5,0.3060637099263794,0.2535575152587124,5.551115123125783e-16
CartPole-v1,20,4.0,kahkm_nlms_simplex_project_each_step,kahkm_association,50,0.4125736240794794,-0.0009930540852518543,4.440892098500626e-16
CartPole-v1,20,8.0,kahkm_nlms,kahkm_association,1,0.3986724112451242,0.36745684033549686,0.38254534656320527
CartPole-v1,20,8.0,kahkm_nlms,kahkm_association,10,0.5037309357092321,0.20166681519242724,0.1686147788818724
CartPole-v1,20,8.0,kahkm_nlms,kahkm_association,20,0.5774223832269445,0.08885661585167004,0.1159748249084952
CartPole-v1,20,8.0,kahkm_nlms,kahkm_association,5,0.4832505287240319,0.23340703615271174,0.2393694560232003
CartPole-v1,20,8.0,kahkm_nlms,kahkm_association,50,0.6934168432205661,-0.0815538083607481,0.06040498735274449
CartPole-v1,20,8.0,kahkm_nlms_simplex_project_each_step,kahkm_association,1,0.37781676863499036,0.4005469004985427,6.661338147750939e-16
CartPole-v1,20,8.0,kahkm_nlms_simplex_project_each_step,kahkm_association,10,0.5009792136065893,0.20602785580792038,4.440892098500626e-16
CartPole-v1,20,8.0,kahkm_nlms_simplex_project_each_step,kahkm_association,20,0.5798790266151432,0.08498015654668101,4.440892098500626e-16
CartPole-v1,20,8.0,kahkm_nlms_simplex_project_each_step,kahkm_association,5,0.4687201283034211,0.25645699070472205,6.661338147750939e-16
CartPole-v1,20,8.0,kahkm_nlms_simplex_project_each_step,kahkm_association,50,0.6974003679271672,-0.08776709313922759,6.661338147750939e-16
CartPole-v1,20,12.0,kahkm_nlms,kahkm_association,1,0.5135223003287476,0.28683652904686296,0.4256542297516934
CartPole-v1,20,12.0,kahkm_nlms,kahkm_association,10,0.7077282836120964,0.01861398560428784,0.26946426853511984
CartPole-v1,20,12.0,kahkm_nlms,kahkm_association,20,0.7993359295393074,-0.10381119495473135,0.24945567296112328
CartPole-v1,20,12.0,kahkm_nlms,kahkm_association,5,0.6515433032282821,0.09561855868980818,0.3846732931280484
CartPole-v1,20,12.0,kahkm_nlms,kahkm_association,50,0.9631075869675145,-0.3146182561717661,0.21139692602108046
CartPole-v1,20,12.0,kahkm_nlms_simplex_project_each_step,kahkm_association,1,0.4960889139262834,0.3110474627283979,6.661338147750939e-16
CartPole-v1,20,12.0,kahkm_nlms_simplex_project_each_step,kahkm_association,10,0.7341531868802981,-0.018028651265918683,5.551115123125783e-16
CartPole-v1,20,12.0,kahkm_nlms_simplex_project_each_step,kahkm_association,20,0.8307485059937948,-0.14718914441437647,6.661338147750939e-16
CartPole-v1,20,12.0,kahkm_nlms_simplex_project_each_step,kahkm_association,5,0.6566937027064579,0.08846949326266518,6.661338147750939e-16
CartPole-v1,20,12.0,kahkm_nlms_simplex_project_each_step,kahkm_association,50,0.9424202742055392,-0.286380581174668,6.661338147750939e-16
CartPole-v1,30,2.0,kahkm_nlms,kahkm_association,1,0.15681471832055532,0.16793279971302388,0.0010477866900504384
CartPole-v1,30,2.0,kahkm_nlms,kahkm_association,10,0.1594657895243425,0.15215205510145402,3.552713678800501e-15
CartPole-v1,30,2.0,kahkm_nlms,kahkm_association,20,0.1638480004331188,0.12763014302847175,4.440892098500626e-15
CartPole-v1,30,2.0,kahkm_nlms,kahkm_association,5,0.16860522044253626,0.10466324642571923,1.7763568394002505e-15
CartPole-v1,30,2.0,kahkm_nlms,kahkm_association,50,0.16940343028988356,0.09117166203516258,1.1102230246251565e-14
CartPole-v1,30,2.0,kahkm_nlms_simplex_project_each_step,kahkm_association,1,0.15681448293834008,0.1679340486635239,6.661338147750939e-16
CartPole-v1,30,2.0,kahkm_nlms_simplex_project_each_step,kahkm_association,10,0.1594650564167745,0.15215595288885275,5.551115123125783e-16
CartPole-v1,30,2.0,kahkm_nlms_simplex_project_each_step,kahkm_association,20,0.16384739091840483,0.1276333882451508,6.661338147750939e-16
CartPole-v1,30,2.0,kahkm_nlms_simplex_project_each_step,kahkm_association,5,0.16860528950039716,0.10466287971085209,6.661338147750939e-16
CartPole-v1,30,2.0,kahkm_nlms_simplex_project_each_step,kahkm_association,50,0.1694031368389901,0.0911732363627149,6.661338147750939e-16
CartPole-v1,30,4.0,kahkm_nlms,kahkm_association,1,0.2933844681930408,0.289233043414619,0.02691213681169219
CartPole-v1,30,4.0,kahkm_nlms,kahkm_association,10,0.32109894414623646,0.22203587866827101,0.003499330152245748
CartPole-v1,30,4.0,kahkm_nlms,kahkm_association,20,0.3458389508556589,0.16319619380431194,0.0036192445438888426
CartPole-v1,30,4.0,kahkm_nlms,kahkm_association,5,0.320158879700683,0.22412632263574794,0.004688719987770096
CartPole-v1,30,4.0,kahkm_nlms,kahkm_association,50,0.3661756234431833,0.11332624654139423,0.00020040916770379218
CartPole-v1,30,4.0,kahkm_nlms_simplex_project_each_step,kahkm_association,1,0.2910621113334323,0.29485929393624866,6.661338147750939e-16
CartPole-v1,30,4.0,kahkm_nlms_simplex_project_each_step,kahkm_association,10,0.3209419668546252,0.22241620598782075,6.661338147750939e-16
CartPole-v1,30,4.0,kahkm_nlms_simplex_project_each_step,kahkm_association,20,0.34555527825532656,0.16388257777316284,5.551115123125783e-16
CartPole-v1,30,4.0,kahkm_nlms_simplex_project_each_step,kahkm_association,5,0.3201982543640654,0.22403090199677644,5.551115123125783e-16
CartPole-v1,30,4.0,kahkm_nlms_simplex_project_each_step,kahkm_association,50,0.36610920039846995,0.11348708622214176,6.661338147750939e-16
CartPole-v1,30,8.0,kahkm_nlms,kahkm_association,1,0.3904431397142527,0.4211056744115087,0.05282590241835253
CartPole-v1,30,8.0,kahkm_nlms,kahkm_association,10,0.36196529703783786,0.46407444674958465,0.0397267308587974
CartPole-v1,30,8.0,kahkm_nlms,kahkm_association,20,0.44307998022360817,0.3461381893923551,0.05434813462740644
CartPole-v1,30,8.0,kahkm_nlms,kahkm_association,5,0.398787870543197,0.4088054719244709,0.04641949889959462
CartPole-v1,30,8.0,kahkm_nlms,kahkm_association,50,0.5678432100229409,0.16591180887653978,0.058205845394880384
CartPole-v1,30,8.0,kahkm_nlms_simplex_project_each_step,kahkm_association,1,0.3866042309960469,0.4267974698290128,6.661338147750939e-16
CartPole-v1,30,8.0,kahkm_nlms_simplex_project_each_step,kahkm_association,10,0.36198832233476563,0.4640403555118451,6.661338147750939e-16
CartPole-v1,30,8.0,kahkm_nlms_simplex_project_each_step,kahkm_association,20,0.4430986757520046,0.3461106000346924,6.661338147750939e-16
CartPole-v1,30,8.0,kahkm_nlms_simplex_project_each_step,kahkm_association,5,0.39722941508558157,0.4111158489616078,6.661338147750939e-16
CartPole-v1,30,8.0,kahkm_nlms_simplex_project_each_step,kahkm_association,50,0.5738907837738176,0.15702870565100202,6.661338147750939e-16
CartPole-v1,30,12.0,kahkm_nlms,kahkm_association,1,0.4246722972381405,0.4536146484579724,0.11911957379631646
CartPole-v1,30,12.0,kahkm_nlms,kahkm_association,10,0.36113612132855183,0.53603297232072,0.044548346022068565
CartPole-v1,30,12.0,kahkm_nlms,kahkm_association,20,0.43311948492259006,0.44521813014622447,0.04615359614190604
CartPole-v1,30,12.0,kahkm_nlms,kahkm_association,5,0.44329006324142506,0.42976076079861525,0.06225464830487
CartPole-v1,30,12.0,kahkm_nlms,kahkm_association,50,0.5879650677179316,0.24991008236156953,0.05633890632517204
CartPole-v1,30,12.0,kahkm_nlms_simplex_project_each_step,kahkm_association,1,0.41859959304556305,0.46142781789862364,8.881784197001252e-16
CartPole-v1,30,12.0,kahkm_nlms_simplex_project_each_step,kahkm_association,10,0.3621401705839524,0.5347430272801685,7.771561172376096e-16
CartPole-v1,30,12.0,kahkm_nlms_simplex_project_each_step,kahkm_association,20,0.43414890341929785,0.4438995500814932,6.661338147750939e-16
CartPole-v1,30,12.0,kahkm_nlms_simplex_project_each_step,kahkm_association,5,0.4379887265937477,0.43658029145675126,6.661338147750939e-16
CartPole-v1,30,12.0,kahkm_nlms_simplex_project_each_step,kahkm_association,50,0.5909672285963208,0.24608010889945786,6.661338147750939e-16
CartPole-v1,50,2.0,kahkm_nlms,kahkm_association,1,0.15595236150869354,0.13094725899863435,0.0029131695091198753
CartPole-v1,50,2.0,kahkm_nlms,kahkm_association,10,0.1514731723380203,0.1557445808029866,4.3298697960381105e-15
CartPole-v1,50,2.0,kahkm_nlms,kahkm_association,20,0.15464585943126985,0.1374986835298876,7.549516567451064e-15
CartPole-v1,50,2.0,kahkm_nlms,kahkm_association,5,0.16152440005628968,0.09999260194423543,2.886579864025407e-15
CartPole-v1,50,2.0,kahkm_nlms,kahkm_association,50,0.15778260881041734,0.11514390617598735,1.6209256159527285e-14
CartPole-v1,50,2.0,kahkm_nlms_simplex_project_each_step,kahkm_association,1,0.155947853388781,0.13097238073407236,6.661338147750939e-16
CartPole-v1,50,2.0,kahkm_nlms_simplex_project_each_step,kahkm_association,10,0.15147136232238567,0.155754669160448,6.661338147750939e-16
CartPole-v1,50,2.0,kahkm_nlms_simplex_project_each_step,kahkm_association,20,0.15464568813630994,0.13749963888769,7.771561172376096e-16
CartPole-v1,50,2.0,kahkm_nlms_simplex_project_each_step,kahkm_association,5,0.16152114755203795,0.10001072476585093,6.661338147750939e-16
CartPole-v1,50,2.0,kahkm_nlms_simplex_project_each_step,kahkm_association,50,0.15778296224060262,0.11514192411436752,6.661338147750939e-16
CartPole-v1,50,4.0,kahkm_nlms,kahkm_association,1,0.2916496185006539,0.31812689788926285,0.02388223939795611
CartPole-v1,50,4.0,kahkm_nlms,kahkm_association,10,0.31172709073763355,0.27160146830178833,0.01095494564546691
CartPole-v1,50,4.0,kahkm_nlms,kahkm_association,20,0.33349521804668386,0.22183155369678365,0.006982007099651064
CartPole-v1,50,4.0,kahkm_nlms,kahkm_association,5,0.3250740626713067,0.2399887104366396,0.00791782381753214
CartPole-v1,50,4.0,kahkm_nlms,kahkm_association,50,0.35363826929050746,0.174899945363989,0.005801767193203682
CartPole-v1,50,4.0,kahkm_nlms_simplex_project_each_step,kahkm_association,1,0.2895265114804796,0.3230906951244583,7.771561172376096e-16
CartPole-v1,50,4.0,kahkm_nlms_simplex_project_each_step,kahkm_association,10,0.31198111902344344,0.27100789194640673,6.661338147750939e-16
CartPole-v1,50,4.0,kahkm_nlms_simplex_project_each_step,kahkm_association,20,0.3339211205104497,0.22083776475897943,6.661338147750939e-16
CartPole-v1,50,4.0,kahkm_nlms_simplex_project_each_step,kahkm_association,5,0.32468100755153845,0.24090765895560096,7.771561172376096e-16
CartPole-v1,50,4.0,kahkm_nlms_simplex_project_each_step,kahkm_association,50,0.35402331984858987,0.17400155493484004,6.661338147750939e-16
CartPole-v1,50,8.0,kahkm_nlms,kahkm_association,1,0.3894562484625011,0.44311142743184095,0.05584176626228351
CartPole-v1,50,8.0,kahkm_nlms,kahkm_association,10,0.3424895566005197,0.5107720619278198,0.01833151033986509
CartPole-v1,50,8.0,kahkm_nlms,kahkm_association,20,0.40203809681342273,0.42693139624833065,0.010263660661938843
CartPole-v1,50,8.0,kahkm_nlms,kahkm_association,5,0.3976783547292173,0.4314155487561514,0.02317683924602323
CartPole-v1,50,8.0,kahkm_nlms,kahkm_association,50,0.5068558158042269,0.27938505360263,0.012665174774874645
CartPole-v1,50,8.0,kahkm_nlms_simplex_project_each_step,kahkm_association,1,0.38508820928755133,0.4493573436564815,8.881784197001252e-16
CartPole-v1,50,8.0,kahkm_nlms_simplex_project_each_step,kahkm_association,10,0.34363328859721515,0.5091383021951014,7.771561172376096e-16
CartPole-v1,50,8.0,kahkm_nlms_simplex_project_each_step,kahkm_association,20,0.40289532651381416,0.4257094935694765,6.661338147750939e-16
CartPole-v1,50,8.0,kahkm_nlms_simplex_project_each_step,kahkm_association,5,0.3968848083515285,0.43255012931938563,7.771561172376096e-16
CartPole-v1,50,8.0,kahkm_nlms_simplex_project_each_step,kahkm_association,50,0.5064937487453766,0.279899817221928,8.881784197001252e-16
CartPole-v1,50,12.0,kahkm_nlms,kahkm_association,1,0.4137527561480157,0.4781256474590475,0.086654078153222
CartPole-v1,50,12.0,kahkm_nlms,kahkm_association,10,0.340069505647955,0.571513802328397,0.04611680701306605
CartPole-v1,50,12.0,kahkm_nlms,kahkm_association,20,0.3828469484117865,0.5184327139328132,0.02966861456164133
CartPole-v1,50,12.0,kahkm_nlms,kahkm_association,5,0.4253024210054762,0.46365559354793207,0.06690255363492967
CartPole-v1,50,12.0,kahkm_nlms,kahkm_association,50,0.47615003999866523,0.401836019403895,0.020106330628660317
CartPole-v1,50,12.0,kahkm_nlms_simplex_project_each_step,kahkm_association,1,0.40707224586266716,0.486551904270645,1.1102230246251565e-15
CartPole-v1,50,12.0,kahkm_nlms_simplex_project_each_step,kahkm_association,10,0.34095858474301144,0.570393566275052,8.881784197001252e-16
CartPole-v1,50,12.0,kahkm_nlms_simplex_project_each_step,kahkm_association,20,0.3834954855964078,0.5176169459262838,1.1102230246251565e-15
CartPole-v1,50,12.0,kahkm_nlms_simplex_project_each_step,kahkm_association,5,0.42114542884027795,0.46889793261150503,1.1102230246251565e-15
CartPole-v1,50,12.0,kahkm_nlms_simplex_project_each_step,kahkm_association,50,0.4730614610409499,0.40571604991641486,7.771561172376096e-16
CartPole-v1,80,2.0,kahkm_nlms,kahkm_association,1,0.1584588355454823,0.010744522713106663,0.008270823308424767
CartPole-v1,80,2.0,kahkm_nlms,kahkm_association,10,0.13499787026884366,0.15765884804102914,0.004500208644499572
CartPole-v1,80,2.0,kahkm_nlms,kahkm_association,20,0.13935588274486088,0.12952902922094145,0.0030863780634250975
CartPole-v1,80,2.0,kahkm_nlms,kahkm_association,5,0.15192534388552326,0.05192825486890984,0.005208376410240849
CartPole-v1,80,2.0,kahkm_nlms,kahkm_association,50,0.1444807167676268,0.09407313755642666,0.00022081986595095306
CartPole-v1,80,2.0,kahkm_nlms_simplex_project_each_step,kahkm_association,1,0.15836896506148976,0.011305582424482097,8.881784197001252e-16
CartPole-v1,80,2.0,kahkm_nlms_simplex_project_each_step,kahkm_association,10,0.1349388276649878,0.15802725396363793,8.881784197001252e-16
CartPole-v1,80,2.0,kahkm_nlms_simplex_project_each_step,kahkm_association,20,0.13930944977270326,0.12981906760004736,8.881784197001252e-16
CartPole-v1,80,2.0,kahkm_nlms_simplex_project_each_step,kahkm_association,5,0.1518373016420238,0.052477671847703466,8.881784197001252e-16
CartPole-v1,80,2.0,kahkm_nlms_simplex_project_each_step,kahkm_association,50,0.14445313746950736,0.09424606601063645,8.881784197001252e-16
CartPole-v1,80,4.0,kahkm_nlms,kahkm_association,1,0.3037631583568115,0.2806445444040535,0.02142584223482992
CartPole-v1,80,4.0,kahkm_nlms,kahkm_association,10,0.31279888490516045,0.2601324748113579,0.00866095962864084
CartPole-v1,80,4.0,kahkm_nlms,kahkm_association,20,0.3361890783384684,0.20635623583456042,0.0073247928740849694
CartPole-v1,80,4.0,kahkm_nlms,kahkm_association,5,0.3359353724680649,0.2045752120915968,0.016806586703243937
CartPole-v1,80,4.0,kahkm_nlms,kahkm_association,50,0.3564659679835209,0.16109464327147116,0.0031784622582027374
CartPole-v1,80,4.0,kahkm_nlms_simplex_project_each_step,kahkm_association,1,0.3006170541361242,0.28809497798285644,1.1102230246251565e-15
CartPole-v1,80,4.0,kahkm_nlms_simplex_project_each_step,kahkm_association,10,0.3124589146018743,0.26093661126793843,8.881784197001252e-16
CartPole-v1,80,4.0,kahkm_nlms_simplex_project_each_step,kahkm_association,20,0.33602974258555734,0.20673238079242595,8.881784197001252e-16
CartPole-v1,80,4.0,kahkm_nlms_simplex_project_each_step,kahkm_association,5,0.3348183588554445,0.20722006699145945,8.881784197001252e-16
CartPole-v1,80,4.0,kahkm_nlms_simplex_project_each_step,kahkm_association,50,0.35652792368685843,0.1609488370064195,8.881784197001252e-16
CartPole-v1,80,8.0,kahkm_nlms,kahkm_association,1,0.41087550813930973,0.4275894283624334,0.04451996311358783
CartPole-v1,80,8.0,kahkm_nlms,kahkm_association,10,0.37206170223640994,0.4822149677554366,0.020486350075366866
CartPole-v1,80,8.0,kahkm_nlms,kahkm_association,20,0.44644637513906427,0.37983410544435103,0.011226198835034448
CartPole-v1,80,8.0,kahkm_nlms,kahkm_association,5,0.42012915347107593,0.4147606036341618,0.02882268625211864
CartPole-v1,80,8.0,kahkm_nlms,kahkm_association,50,0.5501185312597885,0.2381427537548052,0.007327801288164799
CartPole-v1,80,8.0,kahkm_nlms_simplex_project_each_step,kahkm_association,1,0.40130506365271346,0.4409224781326835,1.1102230246251565e-15
CartPole-v1,80,8.0,kahkm_nlms_simplex_project_each_step,kahkm_association,10,0.37462863224127557,0.4786426626045712,9.992007221626409e-16
CartPole-v1,80,8.0,kahkm_nlms_simplex_project_each_step,kahkm_association,20,0.44957824587091244,0.3754835730574675,8.881784197001252e-16
CartPole-v1,80,8.0,kahkm_nlms_simplex_project_each_step,kahkm_association,5,0.41946413971134705,0.4156869669872003,1.1102230246251565e-15
CartPole-v1,80,8.0,kahkm_nlms_simplex_project_each_step,kahkm_association,50,0.5497613818400804,0.23863736874763908,8.881784197001252e-16
CartPole-v1,80,12.0,kahkm_nlms,kahkm_association,1,0.41081072191661944,0.49301586465465175,0.071201653076978
CartPole-v1,80,12.0,kahkm_nlms,kahkm_association,10,0.3313826935369458,0.5913803189895277,0.03757467907957146
CartPole-v1,80,12.0,kahkm_nlms,kahkm_association,20,0.3779821004904834,0.5344029876263968,0.030727049620046912
CartPole-v1,80,12.0,kahkm_nlms,kahkm_association,5,0.413981081914004,0.4891653200471914,0.04659090411744189
CartPole-v1,80,12.0,kahkm_nlms,kahkm_association,50,0.4887430083970418,0.3982766890904492,0.01507431586072274
CartPole-v1,80,12.0,kahkm_nlms_simplex_project_each_step,kahkm_association,1,0.3994574849809172,0.507026966858518,1.3322676295501878e-15
CartPole-v1,80,12.0,kahkm_nlms_simplex_project_each_step,kahkm_association,10,0.33723063292905037,0.5841693717204788,1.1102230246251565e-15
CartPole-v1,80,12.0,kahkm_nlms_simplex_project_each_step,kahkm_association,20,0.3849223126115082,0.5258540589215848,1.1102230246251565e-15
CartPole-v1,80,12.0,kahkm_nlms_simplex_project_each_step,kahkm_association,5,0.4124334070710839,0.49107508360304963,1.3322676295501878e-15
CartPole-v1,80,12.0,kahkm_nlms_simplex_project_each_step,kahkm_association,50,0.4924215852318093,0.3937477538536851,1.1102230246251565e-15
CartPole-v1,100,2.0,kahkm_nlms,kahkm_association,1,0.16091216167150557,-0.06267496285815466,0.005318758164872416
CartPole-v1,100,2.0,kahkm_nlms,kahkm_association,10,0.12772713319772142,0.1573558235391167,0.003508205110733244
CartPole-v1,100,2.0,kahkm_nlms,kahkm_association,20,0.13211305158996126,0.12930205901633796,0.0031348239015851283
CartPole-v1,100,2.0,kahkm_nlms,kahkm_association,5,0.14735931375389433,0.02713918315037156,0.0037422855533039323
CartPole-v1,100,2.0,kahkm_nlms,kahkm_association,50,0.13677091917374537,0.09722395975315179,0.002245056007379268
CartPole-v1,100,2.0,kahkm_nlms_simplex_project_each_step,kahkm_association,1,0.16089818307500045,-0.06258264724715557,8.881784197001252e-16
CartPole-v1,100,2.0,kahkm_nlms_simplex_project_each_step,kahkm_association,10,0.12770101421514113,0.157528136249935,8.881784197001252e-16
CartPole-v1,100,2.0,kahkm_nlms_simplex_project_each_step,kahkm_association,20,0.13209054577405727,0.12945038476713944,8.881784197001252e-16
CartPole-v1,100,2.0,kahkm_nlms_simplex_project_each_step,kahkm_association,5,0.14733378583404028,0.027307717546528942,9.992007221626409e-16
CartPole-v1,100,2.0,kahkm_nlms_simplex_project_each_step,kahkm_association,50,0.13674578853866584,0.09738983810918722,8.881784197001252e-16
CartPole-v1,100,4.0,kahkm_nlms,kahkm_association,1,0.31508114151063604,0.24440360320705,0.014895409774330907
CartPole-v1,100,4.0,kahkm_nlms,kahkm_association,10,0.31139167207385365,0.2543717625720294,0.009231887597332495
CartPole-v1,100,4.0,kahkm_nlms,kahkm_association,20,0.3318284872863662,0.20775333735207635,0.004840209429553154
CartPole-v1,100,4.0,kahkm_nlms,kahkm_association,5,0.34019059270468194,0.18426136068822985,0.011129596582636498
CartPole-v1,100,4.0,kahkm_nlms,kahkm_association,50,0.3478556995778487,0.17209043580456018,0.002534190209315122
CartPole-v1,100,4.0,kahkm_nlms_simplex_project_each_step,kahkm_association,1,0.31098401487101945,0.25422892664994534,9.992007221626409e-16
CartPole-v1,100,4.0,kahkm_nlms_simplex_project_each_step,kahkm_association,10,0.3112318099965497,0.25475455276721315,8.881784197001252e-16
CartPole-v1,100,4.0,kahkm_nlms_simplex_project_each_step,kahkm_association,20,0.33169598144478396,0.20806969750437487,8.881784197001252e-16
CartPole-v1,100,4.0,kahkm_nlms_simplex_project_each_step,kahkm_association,5,0.33814678618603405,0.189162178007378,1.1102230246251565e-15
CartPole-v1,100,4.0,kahkm_nlms_simplex_project_each_step,kahkm_association,50,0.3476932911182589,0.17247697400750994,8.881784197001252e-16
CartPole-v1,100,8.0,kahkm_nlms,kahkm_association,1,0.4282211337334541,0.40976378678938585,0.05490069416536452
CartPole-v1,100,8.0,kahkm_nlms,kahkm_association,10,0.38641545548740575,0.4681009165649215,0.017655922302853542
CartPole-v1,100,8.0,kahkm_nlms,kahkm_association,20,0.4565592997724373,0.3728354573862288,0.010534889421267696
CartPole-v1,100,8.0,kahkm_nlms,kahkm_association,5,0.4358698981517662,0.399340894117725,0.030523435479572446
CartPole-v1,100,8.0,kahkm_nlms,kahkm_association,50,0.5517608964670841,0.24394562825744492,0.006459389868991266
CartPole-v1,100,8.0,kahkm_nlms_simplex_project_each_step,kahkm_association,1,0.41661234115066864,0.4257647013502158,1.3322676295501878e-15
CartPole-v1,100,8.0,kahkm_nlms_simplex_project_each_step,kahkm_association,10,0.38985918307268513,0.46336064150553036,8.881784197001252e-16
CartPole-v1,100,8.0,kahkm_nlms_simplex_project_each_step,kahkm_association,20,0.46038073755811093,0.3675860400987624,9.992007221626409e-16
CartPole-v1,100,8.0,kahkm_nlms_simplex_project_each_step,kahkm_association,5,0.43489750720518644,0.4006809166313633,1.1102230246251565e-15
CartPole-v1,100,8.0,kahkm_nlms_simplex_project_each_step,kahkm_association,50,0.5535216710148226,0.24153291415792355,9.992007221626409e-16
CartPole-v1,100,12.0,kahkm_nlms,kahkm_association,1,0.4332491159467691,0.4698463922727206,0.09796583484834578
CartPole-v1,100,12.0,kahkm_nlms,kahkm_association,10,0.3482067390846312,0.5743339771178299,0.016022469518398762
CartPole-v1,100,12.0,kahkm_nlms,kahkm_association,20,0.3897214344531905,0.5240768499215607,0.01605837621741429
CartPole-v1,100,12.0,kahkm_nlms,kahkm_association,5,0.43183634025440504,0.4716877530533098,0.061982213268805916
CartPole-v1,100,12.0,kahkm_nlms,kahkm_association,50,0.4825871564066593,0.41065360123562844,0.012398390781521714
CartPole-v1,100,12.0,kahkm_nlms_simplex_project_each_step,kahkm_association,1,0.42064092206042747,0.4852746510498033,1.7763568394002505e-15
CartPole-v1,100,12.0,kahkm_nlms_simplex_project_each_step,kahkm_association,10,0.3558478452903915,0.5649930915922463,1.1102230246251565e-15
CartPole-v1,100,12.0,kahkm_nlms_simplex_project_each_step,kahkm_association,20,0.39826103757971615,0.5136483888180596,1.1102230246251565e-15
CartPole-v1,100,12.0,kahkm_nlms_simplex_project_each_step,kahkm_association,5,0.42861581088266865,0.47562777604381934,1.3322676295501878e-15
CartPole-v1,100,12.0,kahkm_nlms_simplex_project_each_step,kahkm_association,50,0.4894164506830727,0.4023135119181356,1.3322676295501878e-15
MountainCar-v0,10,2.0,kahkm_nlms,kahkm_association,1,0.002208820679480281,0.990195576671136,8.881784197001252e-16
MountainCar-v0,10,2.0,kahkm_nlms,kahkm_association,10,0.12555881916935585,0.4717679219598738,0.006364054510841843
MountainCar-v0,10,2.0,kahkm_nlms,kahkm_association,20,0.38758658004679375,-0.5325119780763343,8.659739592076221e-15
MountainCar-v0,10,2.0,kahkm_nlms,kahkm_association,5,0.03818454998062217,0.8344466961861303,3.9968028886505635e-15
MountainCar-v0,10,2.0,kahkm_nlms,kahkm_association,50,0.7090799298915526,-1.3358878882291099,2.9753977059954195e-14
MountainCar-v0,10,2.0,kahkm_nlms_simplex_project_each_step,kahkm_association,1,0.002208820679480281,0.990195576671136,4.440892098500626e-16
MountainCar-v0,10,2.0,kahkm_nlms_simplex_project_each_step,kahkm_association,10,0.12537411948488972,0.47254496254359657,4.440892098500626e-16
MountainCar-v0,10,2.0,kahkm_nlms_simplex_project_each_step,kahkm_association,20,0.3875865800467937,-0.5325119780763341,4.440892098500626e-16
MountainCar-v0,10,2.0,kahkm_nlms_simplex_project_each_step,kahkm_association,5,0.03818454998062217,0.8344466961861303,4.440892098500626e-16
MountainCar-v0,10,2.0,kahkm_nlms_simplex_project_each_step,kahkm_association,50,0.7090799298915527,-1.3358878882291108,4.440892098500626e-16
MountainCar-v0,10,4.0,kahkm_nlms,kahkm_association,1,0.004083523893541441,0.9889053706890885,0.009738770437222787
MountainCar-v0,10,4.0,kahkm_nlms,kahkm_association,10,0.23571185014971524,0.3867975862450769,0.0870427452027751
MountainCar-v0,10,4.0,kahkm_nlms,kahkm_association,20,0.6458559933270744,-0.6017169253646959,0.017514852359463453
MountainCar-v0,10,4.0,kahkm_nlms,kahkm_association,5,0.06722922338751161,0.8208117530799064,0.058559662679183666
MountainCar-v0,10,4.0,kahkm_nlms,kahkm_association,50,1.3231099628324916,-1.9593072518825267,0.05612497342419404
MountainCar-v0,10,4.0,kahkm_nlms_simplex_project_each_step,kahkm_association,1,0.0040058878826299705,0.9891163019300205,4.440892098500626e-16
MountainCar-v0,10,4.0,kahkm_nlms_simplex_project_each_step,kahkm_association,10,0.23295058180831488,0.39398100282297177,4.440892098500626e-16
MountainCar-v0,10,4.0,kahkm_nlms_simplex_project_each_step,kahkm_association,20,0.6458772514931669,-0.6017696454211547,4.440892098500626e-16
MountainCar-v0,10,4.0,kahkm_nlms_simplex_project_each_step,kahkm_association,5,0.0650142273773785,0.8267154543572959,5.551115123125783e-16
MountainCar-v0,10,4.0,kahkm_nlms_simplex_project_each_step,kahkm_association,50,1.3117024418181626,-1.9337928497451289,3.3306690738754696e-16
MountainCar-v0,10,8.0,kahkm_nlms,kahkm_association,1,0.007719405575285873,0.9852211788648869,0.03210059563641476
MountainCar-v0,10,8.0,kahkm_nlms,kahkm_association,10,0.3795720747014416,0.2964115612779865,0.04258669893475179
MountainCar-v0,10,8.0,kahkm_nlms,kahkm_association,20,0.813307857527652,-0.45744109976225555,0.058784344670823545
MountainCar-v0,10,8.0,kahkm_nlms,kahkm_association,5,0.12855993625975695,0.7573856247167381,0.0849565986118781
MountainCar-v0,10,8.0,kahkm_nlms,kahkm_association,50,5.391829359689314,-8.379799264069796,0.6418614081361372
MountainCar-v0,10,8.0,kahkm_nlms_simplex_project_each_step,kahkm_association,1,0.007636255852648687,0.9853803692152713,3.3306690738754696e-16
MountainCar-v0,10,8.0,kahkm_nlms_simplex_project_each_step,kahkm_association,10,0.38020542580041705,0.2952375589195635,3.3306690738754696e-16
MountainCar-v0,10,8.0,kahkm_nlms_simplex_project_each_step,kahkm_association,20,0.8150163726690602,-0.46050274507111055,4.440892098500626e-16
MountainCar-v0,10,8.0,kahkm_nlms_simplex_project_each_step,kahkm_association,5,0.12831760508550855,0.7578429446887482,4.440892098500626e-16
MountainCar-v0,10,8.0,kahkm_nlms_simplex_project_each_step,kahkm_association,50,2.839903248784974,-3.940386764116294,3.3306690738754696e-16
MountainCar-v0,10,12.0,kahkm_nlms,kahkm_association,1,0.011991023761201538,0.9802337721469482,0.05075499981216113
MountainCar-v0,10,12.0,kahkm_nlms,kahkm_association,10,0.4821911731133014,0.22588354412232736,0.0415712477163729
MountainCar-v0,10,12.0,kahkm_nlms,kahkm_association,20,0.9045584320470379,-0.4124293624860984,0.06481462095888506
MountainCar-v0,10,12.0,kahkm_nlms,kahkm_association,5,0.1887620753277963,0.6924849050153614,0.09303667563550207
MountainCar-v0,10,12.0,kahkm_nlms,kahkm_association,50,5.278290235483526,-7.16962938935011,0.6616174752266673
MountainCar-v0,10,12.0,kahkm_nlms_simplex_project_each_step,kahkm_association,1,0.011874551576918727,0.980425767074064,4.440892098500626e-16
MountainCar-v0,10,12.0,kahkm_nlms_simplex_project_each_step,kahkm_association,10,0.48305189901154033,0.22450172272247715,4.440892098500626e-16
MountainCar-v0,10,12.0,kahkm_nlms_simplex_project_each_step,kahkm_association,20,0.9065413551695153,-0.4155256122611424,4.440892098500626e-16
MountainCar-v0,10,12.0,kahkm_nlms_simplex_project_each_step,kahkm_association,5,0.18882687451909505,0.6923793396922818,4.440892098500626e-16
MountainCar-v0,10,12.0,kahkm_nlms_simplex_project_each_step,kahkm_association,50,2.903346526289128,-3.4937402170849685,3.3306690738754696e-16
MountainCar-v0,15,2.0,kahkm_nlms,kahkm_association,1,0.002176640178857244,0.9907315289885185,8.881784197001252e-16
MountainCar-v0,15,2.0,kahkm_nlms,kahkm_association,10,0.13112205927588816,0.4706967279722136,0.009836049487294498
MountainCar-v0,15,2.0,kahkm_nlms,kahkm_association,20,0.41053935457738144,-0.5586510466386441,8.104628079763643e-15
MountainCar-v0,15,2.0,kahkm_nlms,kahkm_association,5,0.0394513732425918,0.8359002957540009,0.0002541543794672993
MountainCar-v0,15,2.0,kahkm_nlms,kahkm_association,50,0.9139815899316283,-1.898875831880809,1.3766765505351941e-14
MountainCar-v0,15,2.0,kahkm_nlms_simplex_project_each_step,kahkm_association,1,0.002176640178857244,0.9907315289885185,4.440892098500626e-16
MountainCar-v0,15,2.0,kahkm_nlms_simplex_project_each_step,kahkm_association,10,0.1307446775046822,0.47222011318600654,4.440892098500626e-16
MountainCar-v0,15,2.0,kahkm_nlms_simplex_project_each_step,kahkm_association,20,0.4105393545773816,-0.5586510466386447,4.440892098500626e-16
MountainCar-v0,15,2.0,kahkm_nlms_simplex_project_each_step,kahkm_association,5,0.03945126771006737,0.8359007347211299,4.440892098500626e-16
MountainCar-v0,15,2.0,kahkm_nlms_simplex_project_each_step,kahkm_association,50,0.9139815899316283,-1.898875831880809,4.440892098500626e-16
MountainCar-v0,15,4.0,kahkm_nlms,kahkm_association,1,0.004100421847255342,0.9893145347530298,0.006876546829776924
MountainCar-v0,15,4.0,kahkm_nlms,kahkm_association,10,0.242771824803019,0.39394976957404737,0.0701541271981187
MountainCar-v0,15,4.0,kahkm_nlms,kahkm_association,20,0.627513398969101,-0.49512409719230766,0.015111368387488057
MountainCar-v0,15,4.0,kahkm_nlms,kahkm_association,5,0.07215445652726565,0.8155069332578452,0.07133572210372446
MountainCar-v0,15,4.0,kahkm_nlms,kahkm_association,50,3.053081743115425,-5.644645183335123,0.2417031995624579
MountainCar-v0,15,4.0,kahkm_nlms_simplex_project_each_step,kahkm_association,1,0.004068008682613318,0.9893990016096676,4.440892098500626e-16
MountainCar-v0,15,4.0,kahkm_nlms_simplex_project_each_step,kahkm_association,10,0.24145800962466013,0.3972295488162537,5.551115123125783e-16
MountainCar-v0,15,4.0,kahkm_nlms_simplex_project_each_step,kahkm_association,20,0.6275374985671751,-0.4951815173045673,4.440892098500626e-16
MountainCar-v0,15,4.0,kahkm_nlms_simplex_project_each_step,kahkm_association,5,0.07056956293674321,0.8195593770436975,4.440892098500626e-16
MountainCar-v0,15,4.0,kahkm_nlms_simplex_project_each_step,kahkm_association,50,2.3585805368207495,-4.133151393287627,4.440892098500626e-16
MountainCar-v0,15,8.0,kahkm_nlms,kahkm_association,1,0.009227982996839643,0.9832665277894314,0.032398668451386635
MountainCar-v0,15,8.0,kahkm_nlms,kahkm_association,10,0.4169132393293258,0.2671853874304486,0.03843874892327849
MountainCar-v0,15,8.0,kahkm_nlms,kahkm_association,20,0.8301996049439601,-0.4123160851272625,0.031453274588460506
MountainCar-v0,15,8.0,kahkm_nlms,kahkm_association,5,0.15213883269675052,0.7279177173884919,0.06170760436231568
MountainCar-v0,15,8.0,kahkm_nlms,kahkm_association,50,2.6037634498716535,-3.3496053822173373,0.8464180639057658
MountainCar-v0,15,8.0,kahkm_nlms_simplex_project_each_step,kahkm_association,1,0.009130118916182222,0.9834439886576032,6.661338147750939e-16
MountainCar-v0,15,8.0,kahkm_nlms_simplex_project_each_step,kahkm_association,10,0.4181893002281947,0.26494243617583246,5.551115123125783e-16
MountainCar-v0,15,8.0,kahkm_nlms_simplex_project_each_step,kahkm_association,20,0.8321827772004937,-0.4156898112297578,6.661338147750939e-16
MountainCar-v0,15,8.0,kahkm_nlms_simplex_project_each_step,kahkm_association,5,0.15206105622962354,0.7280568113879282,5.551115123125783e-16
MountainCar-v0,15,8.0,kahkm_nlms_simplex_project_each_step,kahkm_association,50,2.525015061660783,-3.2180556390101245,4.440892098500626e-16
MountainCar-v0,15,12.0,kahkm_nlms,kahkm_association,1,0.014285346031859087,0.9776339137014333,0.02979371802225577
MountainCar-v0,15,12.0,kahkm_nlms,kahkm_association,10,0.542301590061111,0.1720298341740577,0.04437070307728948
MountainCar-v0,15,12.0,kahkm_nlms,kahkm_association,20,0.9300425264503401,-0.38178211138130114,0.03961734745673093
MountainCar-v0,15,12.0,kahkm_nlms,kahkm_association,5,0.23100046077187228,0.6423499267764139,0.05503394392340766
MountainCar-v0,15,12.0,kahkm_nlms,kahkm_association,50,2.213291924548611,-2.276296736131494,0.38194934602061115
MountainCar-v0,15,12.0,kahkm_nlms_simplex_project_each_step,kahkm_association,1,0.01422533866002061,0.9777278652272904,5.551115123125783e-16
MountainCar-v0,15,12.0,kahkm_nlms_simplex_project_each_step,kahkm_association,10,0.5430216461224833,0.1709304736937185,4.440892098500626e-16
MountainCar-v0,15,12.0,kahkm_nlms_simplex_project_each_step,kahkm_association,20,0.9306298971639954,-0.382654779374211,5.551115123125783e-16
MountainCar-v0,15,12.0,kahkm_nlms_simplex_project_each_step,kahkm_association,5,0.23085009123462885,0.6425827387622689,4.440892098500626e-16
MountainCar-v0,15,12.0,kahkm_nlms_simplex_project_each_step,kahkm_association,50,2.1733775665352315,-2.2172122206938436,6.661338147750939e-16
MountainCar-v0,20,2.0,kahkm_nlms,kahkm_association,1,0.00413896692970306,0.9813700240990751,1.1102230246251565e-15
MountainCar-v0,20,2.0,kahkm_nlms,kahkm_association,10,0.13759140530910824,0.4117855405028238,0.0038415141711649965
MountainCar-v0,20,2.0,kahkm_nlms,kahkm_association,20,0.37176202577372974,-0.4988298832148754,1.0658141036401503e-14
MountainCar-v0,20,2.0,kahkm_nlms,kahkm_association,5,0.04821283109772143,0.7878523195787999,3.1086244689504383e-15
MountainCar-v0,20,2.0,kahkm_nlms,kahkm_association,50,0.687691636598047,-1.3553319952863334,1.9872992140790302e-14
MountainCar-v0,20,2.0,kahkm_nlms_simplex_project_each_step,kahkm_association,1,0.00413896692970306,0.9813700240990751,4.440892098500626e-16
MountainCar-v0,20,2.0,kahkm_nlms_simplex_project_each_step,kahkm_association,10,0.13750948669991836,0.41213574922639284,5.551115123125783e-16
MountainCar-v0,20,2.0,kahkm_nlms_simplex_project_each_step,kahkm_association,20,0.37176202577372947,-0.49882988321487454,4.440892098500626e-16
MountainCar-v0,20,2.0,kahkm_nlms_simplex_project_each_step,kahkm_association,5,0.04821283109772143,0.7878523195787999,5.551115123125783e-16
MountainCar-v0,20,2.0,kahkm_nlms_simplex_project_each_step,kahkm_association,50,0.6876916365980457,-1.3553319952863285,4.440892098500626e-16
MountainCar-v0,20,4.0,kahkm_nlms,kahkm_association,1,0.005456438477045104,0.9863544689230358,0.0022676938305311103
MountainCar-v0,20,4.0,kahkm_nlms,kahkm_association,10,0.2573508495830612,0.3817337570082636,0.054812303721684844
MountainCar-v0,20,4.0,kahkm_nlms,kahkm_association,20,0.6224824128013982,-0.4314905554082469,0.011966349858462464
MountainCar-v0,20,4.0,kahkm_nlms,kahkm_association,5,0.08009058230107867,0.8032402815293036,0.049511279781357345
MountainCar-v0,20,4.0,kahkm_nlms,kahkm_association,50,2.269045465820281,-3.8003315689027453,0.1449164641347613
MountainCar-v0,20,4.0,kahkm_nlms_simplex_project_each_step,kahkm_association,1,0.005444754847653741,0.9863836874927351,5.551115123125783e-16
MountainCar-v0,20,4.0,kahkm_nlms_simplex_project_each_step,kahkm_association,10,0.25616971953458717,0.3845713339532699,4.440892098500626e-16
MountainCar-v0,20,4.0,kahkm_nlms_simplex_project_each_step,kahkm_association,20,0.622859634273514,-0.43235803208473755,4.440892098500626e-16
MountainCar-v0,20,4.0,kahkm_nlms_simplex_project_each_step,kahkm_association,5,0.07845187252096325,0.8072661240906498,4.440892098500626e-16
MountainCar-v0,20,4.0,kahkm_nlms_simplex_project_each_step,kahkm_association,50,1.9806727692074269,-3.1902580467929242,5.551115123125783e-16
MountainCar-v0,20,8.0,kahkm_nlms,kahkm_association,1,0.010328986761829416,0.9821955915340563,0.029125823100106363
MountainCar-v0,20,8.0,kahkm_nlms,kahkm_association,10,0.4051859525723939,0.3211362475268017,0.035713092257267376
MountainCar-v0,20,8.0,kahkm_nlms,kahkm_association,20,0.7919725672518035,-0.28690260288504765,0.03457898980945791
MountainCar-v0,20,8.0,kahkm_nlms,kahkm_association,5,0.15178240626178308,0.741662071979348,0.05815243277261097
MountainCar-v0,20,8.0,kahkm_nlms,kahkm_association,50,2.4653639001096934,-2.9162353618256454,0.8758780992677105
MountainCar-v0,20,8.0,kahkm_nlms_simplex_project_each_step,kahkm_association,1,0.010186529347201233,0.9824411499859671,5.551115123125783e-16
MountainCar-v0,20,8.0,kahkm_nlms_simplex_project_each_step,kahkm_association,10,0.40646626421369003,0.3189911653500199,4.440892098500626e-16
MountainCar-v0,20,8.0,kahkm_nlms_simplex_project_each_step,kahkm_association,20,0.7938556950480314,-0.2899625599627784,4.440892098500626e-16
MountainCar-v0,20,8.0,kahkm_nlms_simplex_project_each_step,kahkm_association,5,0.15177101320788136,0.7416814632777948,4.440892098500626e-16
MountainCar-v0,20,8.0,kahkm_nlms_simplex_project_each_step,kahkm_association,50,2.40530416677896,-2.820830358336639,4.440892098500626e-16
MountainCar-v0,20,12.0,kahkm_nlms,kahkm_association,1,0.014905347172172652,0.9776604147841251,0.034086753024425084
MountainCar-v0,20,12.0,kahkm_nlms,kahkm_association,10,0.48797198218105386,0.2849473698968269,0.05121463190565059
MountainCar-v0,20,12.0,kahkm_nlms,kahkm_association,20,0.8551256804291003,-0.22153980787282035,0.045576752935794336
MountainCar-v0,20,12.0,kahkm_nlms,kahkm_association,5,0.21437371062307226,0.6819170808666721,0.04919028838330108
MountainCar-v0,20,12.0,kahkm_nlms,kahkm_association,50,2.065616879284617,-1.9232708848998414,0.36624611951692404
MountainCar-v0,20,12.0,kahkm_nlms_simplex_project_each_step,kahkm_association,1,0.014825522495807153,0.9777800530682522,5.551115123125783e-16
MountainCar-v0,20,12.0,kahkm_nlms_simplex_project_each_step,kahkm_association,10,0.4889728221675672,0.2834807831033186,5.551115123125783e-16
MountainCar-v0,20,12.0,kahkm_nlms_simplex_project_each_step,kahkm_association,20,0.8572021306953326,-0.22450599953016592,5.551115123125783e-16
MountainCar-v0,20,12.0,kahkm_nlms_simplex_project_each_step,kahkm_association,5,0.2144228229529184,0.681844209089636,6.661338147750939e-16
MountainCar-v0,20,12.0,kahkm_nlms_simplex_project_each_step,kahkm_association,50,2.0477600602671546,-1.8979998292388554,5.551115123125783e-16
MountainCar-v0,30,2.0,kahkm_nlms,kahkm_association,1,0.0035592786241009358,0.9808767434549238,8.881784197001252e-16
MountainCar-v0,30,2.0,kahkm_nlms,kahkm_association,10,0.11772973386627689,0.398553350392583,0.0034993595836131496
MountainCar-v0,30,2.0,kahkm_nlms,kahkm_association,20,0.30018453167467346,-0.4504699567435906,0.002536324050078976
MountainCar-v0,30,2.0,kahkm_nlms,kahkm_association,5,0.04234283831236789,0.7775028343383739,2.4424906541753444e-15
MountainCar-v0,30,2.0,kahkm_nlms,kahkm_association,50,0.5999246711075364,-1.533359305283002,1.8207657603852567e-14
MountainCar-v0,30,2.0,kahkm_nlms_simplex_project_each_step,kahkm_association,1,0.0035592786241009353,0.9808767434549238,5.551115123125783e-16
MountainCar-v0,30,2.0,kahkm_nlms_simplex_project_each_step,kahkm_association,10,0.11758138008186303,0.39931124632644843,6.661338147750939e-16
MountainCar-v0,30,2.0,kahkm_nlms_simplex_project_each_step,kahkm_association,20,0.30012591112049586,-0.45018670646347814,5.551115123125783e-16
MountainCar-v0,30,2.0,kahkm_nlms_simplex_project_each_step,kahkm_association,5,0.042342838312367875,0.7775028343383739,6.661338147750939e-16
MountainCar-v0,30,2.0,kahkm_nlms_simplex_project_each_step,kahkm_association,50,0.5999201008848882,-1.5333400061665787,5.551115123125783e-16
MountainCar-v0,30,4.0,kahkm_nlms,kahkm_association,1,0.005268897784587772,0.9858821429946574,0.0014253888950711267
MountainCar-v0,30,4.0,kahkm_nlms,kahkm_association,10,0.24658755212699976,0.3657780857296984,0.04464311976755515
MountainCar-v0,30,4.0,kahkm_nlms,kahkm_association,20,0.5866523074767281,-0.443634049752889,0.0025263971226089223
MountainCar-v0,30,4.0,kahkm_nlms,kahkm_association,5,0.07733461607241009,0.7965087417694067,0.02641077167421176
MountainCar-v0,30,4.0,kahkm_nlms,kahkm_association,50,1.487109523188775,-2.3981862713527278,0.038596060389315914
MountainCar-v0,30,4.0,kahkm_nlms_simplex_project_each_step,kahkm_association,1,0.005250578122156189,0.9859312299925779,7.771561172376096e-16
MountainCar-v0,30,4.0,kahkm_nlms_simplex_project_each_step,kahkm_association,10,0.24426758550281724,0.37174502794044895,5.551115123125783e-16
MountainCar-v0,30,4.0,kahkm_nlms_simplex_project_each_step,kahkm_association,20,0.588738449393758,-0.44876762796550085,4.440892098500626e-16
MountainCar-v0,30,4.0,kahkm_nlms_simplex_project_each_step,kahkm_association,5,0.07594215357821343,0.8001727406275334,6.661338147750939e-16
MountainCar-v0,30,4.0,kahkm_nlms_simplex_project_each_step,kahkm_association,50,1.4654208350447118,-2.3486255623763177,4.440892098500626e-16
MountainCar-v0,30,8.0,kahkm_nlms,kahkm_association,1,0.010929456389879934,0.9812940969428049,0.022840457480041154
MountainCar-v0,30,8.0,kahkm_nlms,kahkm_association,10,0.39228702201343096,0.347358521000098,0.03047843864753157
MountainCar-v0,30,8.0,kahkm_nlms,kahkm_association,20,0.7444317798882732,-0.20066531850333558,0.025680072485031326
MountainCar-v0,30,8.0,kahkm_nlms,kahkm_association,5,0.15301254463631342,0.741394575801515,0.08415691974009465
MountainCar-v0,30,8.0,kahkm_nlms,kahkm_association,50,1.7089751449640498,-1.6785466645955749,0.431417712549933
MountainCar-v0,30,8.0,kahkm_nlms_simplex_project_each_step,kahkm_association,1,0.010790220875817252,0.9815324002888511,5.551115123125783e-16
MountainCar-v0,30,8.0,kahkm_nlms_simplex_project_each_step,kahkm_association,10,0.39321874143493213,0.34580843469303535,4.440892098500626e-16
MountainCar-v0,30,8.0,kahkm_nlms_simplex_project_each_step,kahkm_association,20,0.7492423924533137,-0.20842417005111247,5.551115123125783e-16
MountainCar-v0,30,8.0,kahkm_nlms_simplex_project_each_step,kahkm_association,5,0.1510035944203405,0.7447898884148052,6.661338147750939e-16
MountainCar-v0,30,8.0,kahkm_nlms_simplex_project_each_step,kahkm_association,50,1.8695242719850298,-1.9301818799777295,6.661338147750939e-16
MountainCar-v0,30,12.0,kahkm_nlms,kahkm_association,1,0.01485279895348927,0.9781789043771268,0.036725798928753134
MountainCar-v0,30,12.0,kahkm_nlms,kahkm_association,10,0.4467615077723064,0.3577889331369526,0.04145092291487802
MountainCar-v0,30,12.0,kahkm_nlms,kahkm_association,20,0.7803984467789667,-0.09404268370762381,0.04123223493626768
MountainCar-v0,30,12.0,kahkm_nlms,kahkm_association,5,0.20025106478705282,0.708632551901643,0.10397778300420095
MountainCar-v0,30,12.0,kahkm_nlms,kahkm_association,50,1.4886586737004022,-1.051165575415689,0.19805595931760084
MountainCar-v0,30,12.0,kahkm_nlms_simplex_project_each_step,kahkm_association,1,0.014623607584461417,0.9785156225132273,6.661338147750939e-16
MountainCar-v0,30,12.0,kahkm_nlms_simplex_project_each_step,kahkm_association,10,0.44682177741442064,0.357702296686658,5.551115123125783e-16
MountainCar-v0,30,12.0,kahkm_nlms_simplex_project_each_step,kahkm_association,20,0.7811099183499328,-0.09504009761854859,4.440892098500626e-16
MountainCar-v0,30,12.0,kahkm_nlms_simplex_project_each_step,kahkm_association,5,0.1968318890389524,0.7136074893052629,6.661338147750939e-16
MountainCar-v0,30,12.0,kahkm_nlms_simplex_project_each_step,kahkm_association,50,1.6330626342301389,-1.2501342429988482,6.661338147750939e-16
MountainCar-v0,50,2.0,kahkm_nlms,kahkm_association,1,0.00505727515871585,0.9702955399020389,1.1102230246251565e-15
MountainCar-v0,50,2.0,kahkm_nlms,kahkm_association,10,0.12006236586526114,0.32792841796045513,0.0021475015999841227
MountainCar-v0,50,2.0,kahkm_nlms,kahkm_association,20,0.2546182841048406,-0.3570874768282528,1.021405182655144e-14
MountainCar-v0,50,2.0,kahkm_nlms,kahkm_association,5,0.05119214631006709,0.7056960027148558,3.219646771412954e-15
MountainCar-v0,50,2.0,kahkm_nlms,kahkm_association,50,0.4626287405940167,-1.3396171605375145,1.9872992140790302e-14
MountainCar-v0,50,2.0,kahkm_nlms_simplex_project_each_step,kahkm_association,1,0.005057275158715851,0.9702955399020389,7.771561172376096e-16
MountainCar-v0,50,2.0,kahkm_nlms_simplex_project_each_step,kahkm_association,10,0.12000316021176559,0.3282598326958194,6.661338147750939e-16
MountainCar-v0,50,2.0,kahkm_nlms_simplex_project_each_step,kahkm_association,20,0.25461828410484055,-0.3570874768282526,6.661338147750939e-16
MountainCar-v0,50,2.0,kahkm_nlms_simplex_project_each_step,kahkm_association,5,0.05119214631006709,0.7056960027148558,6.661338147750939e-16
MountainCar-v0,50,2.0,kahkm_nlms_simplex_project_each_step,kahkm_association,50,0.4626287405940151,-1.3396171605375065,6.661338147750939e-16
MountainCar-v0,50,4.0,kahkm_nlms,kahkm_association,1,0.0072499046502553155,0.9804188097147193,0.0010129939035086663
MountainCar-v0,50,4.0,kahkm_nlms,kahkm_association,10,0.25774878212783703,0.3306901871262069,0.0264983921299825
MountainCar-v0,50,4.0,kahkm_nlms,kahkm_association,20,0.5810354028738697,-0.4502766362504549,0.0073503119242817605
MountainCar-v0,50,4.0,kahkm_nlms,kahkm_association,5,0.09274887331439112,0.7538568107317991,0.014322653679326822
MountainCar-v0,50,4.0,kahkm_nlms,kahkm_association,50,1.147418427372867,-1.7975663183639217,0.01737960295218724
MountainCar-v0,50,4.0,kahkm_nlms_simplex_project_each_step,kahkm_association,1,0.007246626332957211,0.9804276640870078,5.551115123125783e-16
MountainCar-v0,50,4.0,kahkm_nlms_simplex_project_each_step,kahkm_association,10,0.256029649147243,0.33515435011486405,5.551115123125783e-16
MountainCar-v0,50,4.0,kahkm_nlms_simplex_project_each_step,kahkm_association,20,0.5821401239437273,-0.4530340433710258,6.661338147750939e-16
MountainCar-v0,50,4.0,kahkm_nlms_simplex_project_each_step,kahkm_association,5,0.09201087693737958,0.7558153550829553,7.771561172376096e-16
MountainCar-v0,50,4.0,kahkm_nlms_simplex_project_each_step,kahkm_association,50,1.1365477730361098,-1.7710621454261402,5.551115123125783e-16
MountainCar-v0,50,8.0,kahkm_nlms,kahkm_association,1,0.01460501896755932,0.9753437279973444,0.020586388887703602
MountainCar-v0,50,8.0,kahkm_nlms,kahkm_association,10,0.41791442101167303,0.3134322829283268,0.018404495843148426
MountainCar-v0,50,8.0,kahkm_nlms,kahkm_association,20,0.7766874789508398,-0.24018967399544588,0.021499659600603644
MountainCar-v0,50,8.0,kahkm_nlms,kahkm_association,5,0.17077828564151373,0.715178469737237,0.05201453587792403
MountainCar-v0,50,8.0,kahkm_nlms,kahkm_association,50,2.196073904102635,-2.4863946445620444,0.21185200954564198
MountainCar-v0,50,8.0,kahkm_nlms_simplex_project_each_step,kahkm_association,1,0.014368737551577035,0.975742619561578,6.661338147750939e-16
MountainCar-v0,50,8.0,kahkm_nlms_simplex_project_each_step,kahkm_association,10,0.417772131147442,0.31366604281392985,8.881784197001252e-16
MountainCar-v0,50,8.0,kahkm_nlms_simplex_project_each_step,kahkm_association,20,0.7786580636186139,-0.24333624043682645,8.881784197001252e-16
MountainCar-v0,50,8.0,kahkm_nlms_simplex_project_each_step,kahkm_association,5,0.16851905683618898,0.7189463785385763,6.661338147750939e-16
MountainCar-v0,50,8.0,kahkm_nlms_simplex_project_each_step,kahkm_association,50,2.4371052195000087,-2.869045832030403,7.771561172376096e-16
MountainCar-v0,50,12.0,kahkm_nlms,kahkm_association,1,0.02059115536860153,0.9702440211977724,0.06692521712349483
MountainCar-v0,50,12.0,kahkm_nlms,kahkm_association,10,0.47662558334333344,0.325549528204954,0.03508897596196883
MountainCar-v0,50,12.0,kahkm_nlms,kahkm_association,20,0.775098158261555,-0.07148218790759375,0.023406807847621187
MountainCar-v0,50,12.0,kahkm_nlms,kahkm_association,5,0.22733222840488587,0.6745433863904942,0.09507090338825347
MountainCar-v0,50,12.0,kahkm_nlms,kahkm_association,50,1.51929714619004,-1.0916840604245301,0.2396477629771866
MountainCar-v0,50,12.0,kahkm_nlms_simplex_project_each_step,kahkm_association,1,0.020118902012579744,0.970926467646236,8.881784197001252e-16
MountainCar-v0,50,12.0,kahkm_nlms_simplex_project_each_step,kahkm_association,10,0.47944546481909933,0.3215592464026311,6.661338147750939e-16
MountainCar-v0,50,12.0,kahkm_nlms_simplex_project_each_step,kahkm_association,20,0.7780237247330376,-0.07552644001982167,6.661338147750939e-16
MountainCar-v0,50,12.0,kahkm_nlms_simplex_project_each_step,kahkm_association,5,0.22433307261762675,0.6788370806592638,6.661338147750939e-16
MountainCar-v0,50,12.0,kahkm_nlms_simplex_project_each_step,kahkm_association,50,1.9320997250570964,-1.660007759632188,6.661338147750939e-16
MountainCar-v0,80,2.0,kahkm_nlms,kahkm_association,1,0.006155724937856931,0.9626963145290538,1.9984014443252818e-15
MountainCar-v0,80,2.0,kahkm_nlms,kahkm_association,10,0.12612856685498355,0.26734481688504796,0.001171487128695858
MountainCar-v0,80,2.0,kahkm_nlms,kahkm_association,20,0.24722366289453154,-0.38154361840571527,5.329070518200751e-15
MountainCar-v0,80,2.0,kahkm_nlms,kahkm_association,5,0.05463451529785701,0.6751318807063396,1.2768008911878592e-05
MountainCar-v0,80,2.0,kahkm_nlms,kahkm_association,50,0.43670904637736396,-1.4435217795603128,0.0019102434512505808
MountainCar-v0,80,2.0,kahkm_nlms_simplex_project_each_step,kahkm_association,1,0.0061557249378569314,0.9626963145290538,8.881784197001252e-16
MountainCar-v0,80,2.0,kahkm_nlms_simplex_project_each_step,kahkm_association,10,0.12612472246410308,0.26736714816950424,8.881784197001252e-16
MountainCar-v0,80,2.0,kahkm_nlms_simplex_project_each_step,kahkm_association,20,0.24722366289453154,-0.38154361840571527,8.881784197001252e-16
MountainCar-v0,80,2.0,kahkm_nlms_simplex_project_each_step,kahkm_association,5,0.0546345115071467,0.6751319032466865,8.881784197001252e-16
MountainCar-v0,80,2.0,kahkm_nlms_simplex_project_each_step,kahkm_association,50,0.4365191035152078,-1.4424589906751253,6.661338147750939e-16
MountainCar-v0,80,4.0,kahkm_nlms,kahkm_association,1,0.009830684831017726,0.9737567381144129,0.00035724755218233804
MountainCar-v0,80,4.0,kahkm_nlms,kahkm_association,10,0.26463203148103587,0.3181930591763249,0.011437281182184789
MountainCar-v0,80,4.0,kahkm_nlms,kahkm_association,20,0.5781697042035006,-0.4409923124477968,0.0026427575440475955
MountainCar-v0,80,4.0,kahkm_nlms,kahkm_association,5,0.1049097826360042,0.7243673414032548,0.005122780658550397
MountainCar-v0,80,4.0,kahkm_nlms,kahkm_association,50,1.0442844481777749,-1.6248100355743667,0.002185352093731187
MountainCar-v0,80,4.0,kahkm_nlms_simplex_project_each_step,kahkm_association,1,0.009830344644835138,0.9737576462500344,8.881784197001252e-16
MountainCar-v0,80,4.0,kahkm_nlms_simplex_project_each_step,kahkm_association,10,0.2640269533486124,0.319752002997744,8.881784197001252e-16
MountainCar-v0,80,4.0,kahkm_nlms_simplex_project_each_step,kahkm_association,20,0.5780719478444348,-0.44074867089950653,6.661338147750939e-16
MountainCar-v0,80,4.0,kahkm_nlms_simplex_project_each_step,kahkm_association,5,0.1047274952811551,0.7248462705077021,8.881784197001252e-16
MountainCar-v0,80,4.0,kahkm_nlms_simplex_project_each_step,kahkm_association,50,1.042643383256119,-1.620685217204326,6.661338147750939e-16
MountainCar-v0,80,8.0,kahkm_nlms,kahkm_association,1,0.01996374774903915,0.9672379820250641,0.01629324775059309
MountainCar-v0,80,8.0,kahkm_nlms,kahkm_association,10,0.4430291996624715,0.2909229321163245,0.03743717388619087
MountainCar-v0,80,8.0,kahkm_nlms,kahkm_association,20,0.8255316428752477,-0.28798251859789437,0.015458140347078007
MountainCar-v0,80,8.0,kahkm_nlms,kahkm_association,5,0.1899961996857813,0.6916804152730418,0.04678058269128156
MountainCar-v0,80,8.0,kahkm_nlms,kahkm_association,50,2.441306292347764,-2.813891820212501,0.1392874995066041
MountainCar-v0,80,8.0,kahkm_nlms_simplex_project_each_step,kahkm_association,1,0.019720971274692852,0.9676363965570652,8.881784197001252e-16
MountainCar-v0,80,8.0,kahkm_nlms_simplex_project_each_step,kahkm_association,10,0.44373444701640075,0.2897941696640125,8.881784197001252e-16
MountainCar-v0,80,8.0,kahkm_nlms_simplex_project_each_step,kahkm_association,20,0.8271980393038214,-0.29058240618255615,8.881784197001252e-16
MountainCar-v0,80,8.0,kahkm_nlms_simplex_project_each_step,kahkm_association,5,0.18809481346798151,0.6947659222992197,8.881784197001252e-16
MountainCar-v0,80,8.0,kahkm_nlms_simplex_project_each_step,kahkm_association,50,2.6101180075388837,-3.0776152299876385,8.881784197001252e-16
MountainCar-v0,80,12.0,kahkm_nlms,kahkm_association,1,0.029644304941996033,0.958477324582071,0.04833548580295115
MountainCar-v0,80,12.0,kahkm_nlms,kahkm_association,10,0.5332441857516439,0.26695831716691487,0.036377571467389326
MountainCar-v0,80,12.0,kahkm_nlms,kahkm_association,20,0.8397372718972567,-0.13078845533956618,0.014929156209727333
MountainCar-v0,80,12.0,kahkm_nlms,kahkm_association,5,0.2661793378547626,0.63027361929,0.05409168518193297
MountainCar-v0,80,12.0,kahkm_nlms,kahkm_association,50,1.9448443654772236,-1.6113521959014907,0.2680714190882957
MountainCar-v0,80,12.0,kahkm_nlms_simplex_project_each_step,kahkm_association,1,0.02924702965823991,0.9590337866981924,1.1102230246251565e-15
MountainCar-v0,80,12.0,kahkm_nlms_simplex_project_each_step,kahkm_association,10,0.5372424459655,0.26146197707754604,1.1102230246251565e-15
MountainCar-v0,80,12.0,kahkm_nlms_simplex_project_each_step,kahkm_association,20,0.8422988767055722,-0.13423790702085348,8.881784197001252e-16
MountainCar-v0,80,12.0,kahkm_nlms_simplex_project_each_step,kahkm_association,5,0.2650033021435823,0.6319071473864508,1.1102230246251565e-15
MountainCar-v0,80,12.0,kahkm_nlms_simplex_project_each_step,kahkm_association,50,2.6900404454646587,-2.611930676316232,8.881784197001252e-16
MountainCar-v0,100,2.0,kahkm_nlms,kahkm_association,1,0.007240758169599909,0.9581122348673067,1.9984014443252818e-15
MountainCar-v0,100,2.0,kahkm_nlms,kahkm_association,10,0.13871539221083024,0.2274299862081437,3.6637359812630166e-15
MountainCar-v0,100,2.0,kahkm_nlms,kahkm_association,20,0.2634357972437241,-0.4195773572151693,6.8833827526759706e-15
MountainCar-v0,100,2.0,kahkm_nlms,kahkm_association,5,0.06019961093363083,0.6576581383889533,2.4424906541753444e-15
MountainCar-v0,100,2.0,kahkm_nlms,kahkm_association,50,0.3942104724045233,-1.1867522880660912,0.0008950096972774956
MountainCar-v0,100,2.0,kahkm_nlms_simplex_project_each_step,kahkm_association,1,0.007240758169599909,0.9581122348673067,8.881784197001252e-16
MountainCar-v0,100,2.0,kahkm_nlms_simplex_project_each_step,kahkm_association,10,0.13871539221083024,0.2274299862081437,1.1102230246251565e-15
MountainCar-v0,100,2.0,kahkm_nlms_simplex_project_each_step,kahkm_association,20,0.2634357972437241,-0.4195773572151693,8.881784197001252e-16
MountainCar-v0,100,2.0,kahkm_nlms_simplex_project_each_step,kahkm_association,5,0.06019961093363083,0.6576581383889533,8.881784197001252e-16
MountainCar-v0,100,2.0,kahkm_nlms_simplex_project_each_step,kahkm_association,50,0.39419269731406126,-1.1866536866273694,8.881784197001252e-16
MountainCar-v0,100,4.0,kahkm_nlms,kahkm_association,1,0.011682470102467476,0.9699370260751149,2.220446049250313e-15
MountainCar-v0,100,4.0,kahkm_nlms,kahkm_association,10,0.2876337913735592,0.28338160599852713,0.007410992918850733
MountainCar-v0,100,4.0,kahkm_nlms,kahkm_association,20,0.5894878465062009,-0.4265796490948919,0.0025141577101827884
MountainCar-v0,100,4.0,kahkm_nlms,kahkm_association,5,0.11783368781566612,0.7011710360478721,0.0023612802948267926
MountainCar-v0,100,4.0,kahkm_nlms,kahkm_association,50,1.064897367660528,-1.649224554048431,0.005811498573872517
MountainCar-v0,100,4.0,kahkm_nlms_simplex_project_each_step,kahkm_association,1,0.011682470102467474,0.9699370260751149,8.881784197001252e-16
MountainCar-v0,100,4.0,kahkm_nlms_simplex_project_each_step,kahkm_association,10,0.2873088871089889,0.28419108102984647,1.1102230246251565e-15
MountainCar-v0,100,4.0,kahkm_nlms_simplex_project_each_step,kahkm_association,20,0.5887895492450967,-0.42488974714421723,1.1102230246251565e-15
MountainCar-v0,100,4.0,kahkm_nlms_simplex_project_each_step,kahkm_association,5,0.11780780892144593,0.7012366655235458,9.992007221626409e-16
MountainCar-v0,100,4.0,kahkm_nlms_simplex_project_each_step,kahkm_association,50,1.0589835943660735,-1.6345124194385359,1.1102230246251565e-15
MountainCar-v0,100,8.0,kahkm_nlms,kahkm_association,1,0.022221793383716472,0.9642695044819036,0.012820034062626393
MountainCar-v0,100,8.0,kahkm_nlms,kahkm_association,10,0.46300267651245897,0.27294535933321273,0.036009539289033346
MountainCar-v0,100,8.0,kahkm_nlms,kahkm_association,20,0.8548951326673829,-0.3106223142111506,0.012328493413038514
MountainCar-v0,100,8.0,kahkm_nlms,kahkm_association,5,0.20226865412450137,0.6782058966587127,0.0471628275894562
MountainCar-v0,100,8.0,kahkm_nlms,kahkm_association,50,2.656641523688321,-3.0949758647495633,0.12102760409354998
MountainCar-v0,100,8.0,kahkm_nlms_simplex_project_each_step,kahkm_association,1,0.022004318354447598,0.9646191833050486,1.2212453270876722e-15
MountainCar-v0,100,8.0,kahkm_nlms_simplex_project_each_step,kahkm_association,10,0.46281720004788757,0.2732366136415396,8.881784197001252e-16
MountainCar-v0,100,8.0,kahkm_nlms_simplex_project_each_step,kahkm_association,20,0.8555585555726983,-0.3116393943537785,8.881784197001252e-16
MountainCar-v0,100,8.0,kahkm_nlms_simplex_project_each_step,kahkm_association,5,0.20061109805249594,0.680842942780553,9.992007221626409e-16
MountainCar-v0,100,8.0,kahkm_nlms_simplex_project_each_step,kahkm_association,50,2.801310626836807,-3.3179703788703616,8.881784197001252e-16
MountainCar-v0,100,12.0,kahkm_nlms,kahkm_association,1,0.03357067315297513,0.9538401881526827,0.04413282901174632
MountainCar-v0,100,12.0,kahkm_nlms,kahkm_association,10,0.5606841004432862,0.24255106154464212,0.036547321536347654
MountainCar-v0,100,12.0,kahkm_nlms,kahkm_association,20,0.8780358830042492,-0.16327595756651703,0.01417252213087444
MountainCar-v0,100,12.0,kahkm_nlms,kahkm_association,5,0.28620000110297344,0.6095627648921425,0.05193768849030082
MountainCar-v0,100,12.0,kahkm_nlms,kahkm_association,50,2.2253200028499016,-1.9390148910731488,0.2574469015149036
MountainCar-v0,100,12.0,kahkm_nlms_simplex_project_each_step,kahkm_association,1,0.03315072047118712,0.9544176247947118,1.3322676295501878e-15
MountainCar-v0,100,12.0,kahkm_nlms_simplex_project_each_step,kahkm_association,10,0.5651495306757577,0.23651854628933544,9.992007221626409e-16
MountainCar-v0,100,12.0,kahkm_nlms_simplex_project_each_step,kahkm_association,20,0.880578487746525,-0.16664455675880063,9.992007221626409e-16
MountainCar-v0,100,12.0,kahkm_nlms_simplex_project_each_step,kahkm_association,5,0.28478798722204807,0.6114890499846573,1.1102230246251565e-15
MountainCar-v0,100,12.0,kahkm_nlms_simplex_project_each_step,kahkm_association,50,3.0095567657087288,-2.9747686349020355,9.992007221626409e-16
