experiment,run_index,total_runs,n_steps,dt,data_seed,random_state,train_fraction,n_train,n_test,state_dim,n_clusters,subspace_dim,Nb,omega,tau,beta,nlms_epochs,kmeans_kind,batch_size,n_jobs,status,effective_regimes,train_closure_error,train_association_r2,test_closure_error,test_association_r2,raw_predicted_simplex_violation,projected_stochastic_simplex_violation,fit_seconds,eval_seconds,total_seconds,final_nlms_train_error,nlms_history_first,nlms_history_last,nlms_history_monotone_nonincreasing,B_raw_fro_norm,B_raw_spectral_radius,B_raw_min_entry,B_raw_max_entry,B_raw_row_sum_min,B_raw_row_sum_max,B_stochastic_fro_norm,B_stochastic_spectral_radius,B_stochastic_min_entry,B_stochastic_max_entry,B_stochastic_row_sum_min,B_stochastic_row_sum_max
02_duffing_kahkm_sensitivity,1,27,1200,0.03,1,0,0.75,900,300,2,15,4,100,4.0,1e-06,0.1,20,auto,256,-1,ok,15,0.0012008328180129913,0.9826750091787098,0.00022236540824395378,0.9376610941105662,4.440892098500626e-16,4.440892098500626e-16,0.5135188102722168,0.017051219940185547,0.5306339263916016,0.0012008328180129913,0.0012681108280828979,0.0012008328180129913,True,3.8536429186035566,0.9999999999999994,-0.01053400463175614,1.001793082990696,0.9999999999999852,1.0000000000000107,3.840667387906024,0.999999999999998,0.0,0.9983184530076505,0.9999999999999999,1.0000000000000002
02_duffing_kahkm_sensitivity,2,27,1200,0.03,1,1,0.75,900,300,2,15,4,100,4.0,1e-06,0.1,20,auto,256,-1,ok,15,0.0006830878348917465,0.9872480027014893,1.440262410340273e-07,0.9988300519241559,4.440892098500626e-16,5.551115123125783e-16,0.41900205612182617,0.016505002975463867,0.43553924560546875,0.0006830878348917465,0.0007359680280280856,0.0006830878348917465,True,3.858172535967231,0.9999999999999998,-0.011887825247043736,1.0012005101577142,0.9999999999999928,1.0000000000000167,3.8453381765340597,1.0000000000000009,0.0,0.9984907106006496,0.9999999999999998,1.0000000000000002
02_duffing_kahkm_sensitivity,3,27,1200,0.03,1,2,0.75,900,300,2,15,4,100,4.0,1e-06,0.1,20,auto,256,-1,ok,15,0.0008667730277886875,0.9852562138939588,0.00024019557961353906,0.9494495712051926,4.440892098500626e-16,4.440892098500626e-16,0.42121005058288574,0.01648712158203125,0.43771910667419434,0.0008667730277886875,0.000922407424609357,0.0008667730277886875,True,3.858265510131095,1.0000000000000002,-0.012958716657343935,1.0001088466153236,0.9999999999999921,1.0000000000000067,3.846599750226852,0.9999999999999998,0.0,0.9992385418018545,0.9999999999999998,1.0000000000000002
02_duffing_kahkm_sensitivity,4,27,1200,0.03,1,0,0.75,900,300,2,15,4,100,8.0,1e-06,0.1,20,auto,256,-1,ok,15,0.0006294382294689566,0.9951453540429542,0.00010865606436796278,0.9498972241071661,0.0002378630527408235,4.440892098500626e-16,0.404559850692749,0.016742229461669922,0.4213252067565918,0.0006294382294689566,0.000747349431984752,0.0006294382294689566,True,3.856752653052506,0.9999999999999997,-0.01900011220742992,1.0022758420974158,0.9999999999999959,1.0000000000000067,3.8363803932033256,0.9999999999999989,0.0,0.9975846985729082,0.9999999999999998,1.0000000000000002
02_duffing_kahkm_sensitivity,5,27,1200,0.03,1,1,0.75,900,300,2,15,4,100,8.0,1e-06,0.1,20,auto,256,-1,ok,15,0.00036082565939939755,0.9968959240488874,3.601483582662497e-07,0.9991708764515098,4.440892098500626e-16,4.440892098500626e-16,0.41634511947631836,0.01635265350341797,0.4327199459075928,0.00036082565939939755,0.00047394436185269105,0.00036082565939939755,True,3.8594969472395895,0.9999999999999984,-0.017671987893631884,1.0011392283353993,0.9999999999999963,1.0000000000000078,3.8390369603582832,0.9999999999999993,0.0,0.9974915296128061,0.9999999999999999,1.0000000000000002
02_duffing_kahkm_sensitivity,6,27,1200,0.03,1,2,0.75,900,300,2,15,4,100,8.0,1e-06,0.1,20,auto,256,-1,ok,15,0.0004329850858579432,0.9965485469328949,7.045909368524931e-05,0.9619510804905504,4.11859643319461e-05,4.440892098500626e-16,0.41727423667907715,0.016490936279296875,0.4337887763977051,0.0004329850858579432,0.0005396637658181317,0.0004329850858579432,True,3.860081149794427,1.0000000000000002,-0.019112758322371415,0.9994727580401558,0.9999999999999947,1.0000000000000053,3.8416504082177836,1.0000000000000009,0.0,0.9989843747580585,0.9999999999999998,1.0000000000000002
02_duffing_kahkm_sensitivity,7,27,1200,0.03,1,0,0.75,900,300,2,15,4,100,12.0,1e-06,0.1,20,auto,256,-1,ok,15,0.0003425021141549169,0.9983508265798751,4.509564973592526e-05,0.9724622606916564,0.00018042512111800322,5.551115123125783e-16,0.4026219844818115,0.016852140426635742,0.4194972515106201,0.0003425021141549169,0.0005413107523372813,0.0003425021141549169,True,3.854571599038942,0.9999999999999992,-0.03019374933895533,1.0002649888139972,0.9999999999999964,1.0000000000000029,3.8248472896939267,1.0000000000000009,0.0,0.995340140642923,0.9999999999999998,1.0000000000000004
02_duffing_kahkm_sensitivity,8,27,1200,0.03,1,1,0.75,900,300,2,15,4,100,12.0,1e-06,0.1,20,auto,256,-1,ok,15,0.00023158514965118608,0.9988156460847881,6.87065323389193e-07,0.9992224817173452,4.4948241369699846e-05,4.440892098500626e-16,0.41756510734558105,0.016484737396240234,0.43407297134399414,0.00023158514965118608,0.00043679843735039355,0.00023158514965118608,True,3.8556048870711126,0.9999999999999994,-0.031712483479968225,1.0013414593162517,0.9999999999999941,1.0000000000000056,3.825637411399139,0.9999999999999987,0.0,0.9971560262100423,0.9999999999999999,1.0000000000000002
02_duffing_kahkm_sensitivity,9,27,1200,0.03,1,2,0.75,900,300,2,15,4,100,12.0,1e-06,0.1,20,auto,256,-1,ok,15,0.0002488865651560641,0.9988101681488213,1.6841944833138794e-05,0.9864725608795796,0.00014528005961627062,5.551115123125783e-16,0.4224538803100586,0.016353130340576172,0.4388298988342285,0.0002488865651560641,0.000439287249010743,0.0002488865651560641,True,3.8564410978576555,0.9999999999999984,-0.030542093644082186,1.0014103459805213,0.999999999999995,1.000000000000005,3.827766395781154,1.0000000000000009,0.0,0.9983068121629555,0.9999999999999998,1.0000000000000002
02_duffing_kahkm_sensitivity,10,27,1200,0.03,1,0,0.75,900,300,2,25,4,100,4.0,1e-06,0.1,20,auto,256,-1,ok,25,0.002295101972487121,0.976378169418185,2.630973187605629e-07,0.9982079645864167,5.551115123125783e-16,4.440892098500626e-16,0.41715407371520996,0.02108168601989746,0.43825840950012207,0.002295101972487121,0.002401863136445166,0.002295101972487121,True,4.978003379979293,0.9999999999999997,-0.009060185391853905,1.000128318888761,0.9999999999999911,1.00000000000001,4.966298844740401,0.9999999999999997,0.0,0.9996031344494394,0.9999999999999998,1.0000000000000004
02_duffing_kahkm_sensitivity,11,27,1200,0.03,1,1,0.75,900,300,2,25,4,100,4.0,1e-06,0.1,20,auto,256,-1,ok,25,0.0029783099545505273,0.975349809898924,0.0007924739098704874,0.9445480266212439,6.661338147750939e-16,5.551115123125783e-16,0.42748093605041504,0.020982027053833008,0.4484851360321045,0.0029783099545505273,0.0031240583272783597,0.0029783099545505273,True,4.970151565656294,1.0000000000000016,-0.01928986119737973,0.9998403644115476,0.9999999999999919,1.0000000000000087,4.956624406722915,0.9999999999999994,0.0,0.9989687633760895,0.9999999999999998,1.0000000000000004
02_duffing_kahkm_sensitivity,12,27,1200,0.03,1,2,0.75,900,300,2,25,4,100,4.0,1e-06,0.1,20,auto,256,-1,ok,25,0.0048193163544860826,0.9707691107789325,0.00023207255741139365,0.9573757237042981,8.881784197001252e-16,6.661338147750939e-16,0.4354588985443115,0.021233081817626953,0.45671510696411133,0.0048193163544860826,0.00502085000110114,0.0048193163544860826,True,4.952590161248529,0.9999999999999997,-0.010302175384515899,0.9998790952898831,0.9999999999999923,1.0000000000000095,4.939733131857118,0.9999999999999997,0.0,0.9986242870650305,0.9999999999999994,1.0000000000000002
02_duffing_kahkm_sensitivity,13,27,1200,0.03,1,0,0.75,900,300,2,25,4,100,8.0,1e-06,0.1,20,auto,256,-1,ok,25,0.0016331071856808437,0.9900212950560018,6.336379221532307e-07,0.998800146070208,9.87912862325356e-06,6.661338147750939e-16,0.4201021194458008,0.021136999130249023,0.44126391410827637,0.0016331071856808437,0.0018185885807481602,0.0016331071856808437,True,4.980220892659222,1.000000000000001,-0.015601702136845174,1.000292599762707,0.9999999999999921,1.0000000000000087,4.961172685461082,0.9999999999999979,0.0,0.9993398609014654,0.9999999999999998,1.0000000000000002
02_duffing_kahkm_sensitivity,14,27,1200,0.03,1,1,0.75,900,300,2,25,4,100,8.0,1e-06,0.1,20,auto,256,-1,ok,25,0.0020337566790852475,0.9889871225873625,0.00045931880031314953,0.948084273595451,0.00010201918533903157,6.661338147750939e-16,0.42578887939453125,0.020889997482299805,0.44670796394348145,0.0020337566790852475,0.0022405368398498255,0.0020337566790852475,True,4.973633569407044,0.9999999999999976,-0.016470708951887694,1.000102995824173,0.9999999999999923,1.0000000000000067,4.952876557308101,1.0000000000000002,0.0,0.9988233387652247,0.9999999999999998,1.0000000000000002
02_duffing_kahkm_sensitivity,15,27,1200,0.03,1,2,0.75,900,300,2,25,4,100,8.0,1e-06,0.1,20,auto,256,-1,ok,25,0.0033909076300198877,0.9845958078864994,0.00013117438673791352,0.9645270451672792,0.00018233468782205174,8.881784197001252e-16,0.43609189987182617,0.021171092987060547,0.457287073135376,0.0033909076300198877,0.003626217798247698,0.0033909076300198877,True,4.958596749301479,1.0000000000000013,-0.014527184590735829,1.0001083115265086,0.9999999999999912,1.0000000000000133,4.939006260197011,0.9999999999999991,0.0,0.9982950661517602,0.9999999999999998,1.0000000000000004
02_duffing_kahkm_sensitivity,16,27,1200,0.03,1,0,0.75,900,300,2,25,4,100,12.0,1e-06,0.1,20,auto,256,-1,ok,25,0.0010788315375832528,0.995665244554438,1.1313592706036034e-06,0.9989625468626057,9.838263640463053e-05,4.440892098500626e-16,0.43797993659973145,0.021180152893066406,0.4591841697692871,0.0010788315375832528,0.0013901728269704865,0.0010788315375832528,True,4.9804123740435715,1.0000000000000016,-0.026140392946067934,1.002261298338168,0.9999999999999939,1.000000000000009,4.952332593665386,1.0000000000000002,0.0,0.9988660549891843,0.9999999999999998,1.0000000000000002
02_duffing_kahkm_sensitivity,17,27,1200,0.03,1,1,0.75,900,300,2,25,4,100,12.0,1e-06,0.1,20,auto,256,-1,ok,25,0.0012725856142630514,0.9951351292329729,0.00022318307581879542,0.9570069701180575,0.0001713412325070044,6.661338147750939e-16,0.4259157180786133,0.021732091903686523,0.4476768970489502,0.0012725856142630514,0.0015970227849804097,0.0012725856142630514,True,4.975829339579781,0.9999999999999998,-0.02649367727157379,1.0001148586554685,0.9999999999999933,1.0000000000000069,4.945299614818612,1.000000000000001,0.0,0.9979484517032993,0.9999999999999998,1.0000000000000002
02_duffing_kahkm_sensitivity,18,27,1200,0.03,1,2,0.75,900,300,2,25,4,100,12.0,1e-06,0.1,20,auto,256,-1,ok,25,0.0021766130740556496,0.9924223958458018,6.295204501871937e-05,0.9767645654885975,0.00034470658989325107,7.771561172376096e-16,0.4361410140991211,0.021227121353149414,0.45739006996154785,0.0021766130740556496,0.0024877889054624293,0.0021766130740556496,True,4.964754319511204,0.9999999999999993,-0.025871883179242036,0.9999866305638089,0.9999999999999913,1.000000000000007,4.936990897162973,1.0000000000000004,0.0,0.9979673649497453,0.9999999999999998,1.0000000000000002
02_duffing_kahkm_sensitivity,19,27,1200,0.03,1,0,0.75,900,300,2,35,4,100,4.0,1e-06,0.1,20,auto,256,-1,ok,35,0.00665243385362606,0.9667815060156945,0.001081273272395052,0.9426408113791368,8.881784197001252e-16,8.881784197001252e-16,0.4387068748474121,0.025768041610717773,0.46450090408325195,0.00665243385362606,0.006947175094001235,0.00665243385362606,True,5.864196943345146,0.9999999999999989,-0.011916876954185647,0.9995154968762011,0.9999999999999912,1.00000000000001,5.847270281926731,0.9999999999999984,0.0,0.9986359765353408,0.9999999999999997,1.0000000000000002
02_duffing_kahkm_sensitivity,20,27,1200,0.03,1,1,0.75,900,300,2,35,4,100,4.0,1e-06,0.1,20,auto,256,-1,ok,35,0.008174632318033316,0.9644247201902324,0.0006747069562876735,0.915530802607356,1.1102230246251565e-15,9.992007221626409e-16,0.43534088134765625,0.02569413185119629,0.4610581398010254,0.008174632318033316,0.008534220308819033,0.008174632318033316,True,5.852619369166454,1.000000000000001,-0.01287526001627685,0.9993285182230002,0.999999999999992,1.00000000000001,5.835651898963638,1.0000000000000007,0.0,0.9984889201163847,0.9999999999999996,1.0000000000000002
02_duffing_kahkm_sensitivity,21,27,1200,0.03,1,2,0.75,900,300,2,35,4,100,4.0,1e-06,0.1,20,auto,256,-1,ok,35,0.0065523981375958575,0.9675761767691301,0.0005476435403137541,0.9288148949351729,9.992007221626409e-16,8.881784197001252e-16,0.4343690872192383,0.02545309066772461,0.45984601974487305,0.0065523981375958575,0.00684720052861869,0.0065523981375958575,True,5.864161271358402,0.9999999999999976,-0.012966987362177683,0.9996771260568397,0.9999999999999893,1.0000000000000069,5.847624672024256,0.9999999999999978,0.0,0.9988604207173278,0.9999999999999997,1.0000000000000002
02_duffing_kahkm_sensitivity,22,27,1200,0.03,1,0,0.75,900,300,2,35,4,100,8.0,1e-06,0.1,20,auto,256,-1,ok,35,0.005274324824807755,0.9802747137260849,0.0008193562190503446,0.9456408302438875,0.0003007669423861445,8.881784197001252e-16,0.4395408630371094,0.025588035583496094,0.4651510715484619,0.005274324824807755,0.005673013939344464,0.005274324824807755,True,5.865316769693993,0.9999999999999997,-0.016216881170277097,0.9997637954590793,0.9999999999999908,1.0000000000000069,5.8400530512852935,0.9999999999999996,0.0,0.9984180406894626,0.9999999999999998,1.0000000000000002
02_duffing_kahkm_sensitivity,23,27,1200,0.03,1,1,0.75,900,300,2,35,4,100,8.0,1e-06,0.1,20,auto,256,-1,ok,35,0.006596903554699984,0.9775953750860271,0.0005203466213094484,0.9180767039946865,0.0003533874422150484,8.881784197001252e-16,0.4338831901550293,0.025496959686279297,0.45940494537353516,0.006596903554699984,0.0070316279760885185,0.006596903554699984,True,5.854339448344275,1.0,-0.016716804912225686,0.9994763475737981,0.9999999999999906,1.0000000000000078,5.8302754156434,0.9999999999999974,0.0,0.9982638768640746,0.9999999999999997,1.0000000000000002
02_duffing_kahkm_sensitivity,24,27,1200,0.03,1,2,0.75,900,300,2,35,4,100,8.0,1e-06,0.1,20,auto,256,-1,ok,35,0.005267445055836257,0.9800433197480444,0.0004668956985120549,0.9332825111607815,0.00020516653700375023,8.881784197001252e-16,0.44120287895202637,0.025393247604370117,0.46661901473999023,0.005267445055836257,0.005656337859589691,0.005267445055836257,True,5.865233215527702,0.9999999999999979,-0.01681073503087184,1.000006068443557,0.9999999999999926,1.0000000000000069,5.840478978161491,0.999999999999998,0.0,0.9989152900852516,0.9999999999999999,1.0000000000000002
02_duffing_kahkm_sensitivity,25,27,1200,0.03,1,0,0.75,900,300,2,35,4,100,12.0,1e-06,0.1,20,auto,256,-1,ok,35,0.003658820834966054,0.9891734751006495,0.0005414547590414059,0.9504222503115991,0.0004010433562969791,1.1102230246251565e-15,0.44210195541381836,0.025616884231567383,0.4677410125732422,0.003658820834966054,0.00419741630321875,0.003658820834966054,True,5.872380392897461,0.9999999999999998,-0.02677238433575453,0.9997430483523283,0.9999999999999938,1.0000000000000067,5.83648273248271,1.0000000000000016,0.0,0.9985210786246643,0.9999999999999997,1.0000000000000002
02_duffing_kahkm_sensitivity,26,27,1200,0.03,1,1,0.75,900,300,2,35,4,100,12.0,1e-06,0.1,20,auto,256,-1,ok,35,0.004697320747070953,0.986978306411111,0.00037590091026968523,0.9288935107741063,0.0005041870409152761,8.881784197001252e-16,0.4306809902191162,0.02561783790588379,0.45631980895996094,0.004697320747070953,0.005241151571960412,0.004697320747070953,True,5.863644171421739,0.9999999999999996,-0.025754785836039913,0.9996419454307532,0.999999999999994,1.0000000000000049,5.829818520141184,0.9999999999999997,0.0,0.9982527137411509,0.9999999999999997,1.0000000000000004
02_duffing_kahkm_sensitivity,27,27,1200,0.03,1,2,0.75,900,300,2,35,4,100,12.0,1e-06,0.1,20,auto,256,-1,ok,35,0.003779664685364542,0.9885874725082315,0.0003525490907331492,0.9412309589330835,0.0004485472607540523,8.881784197001252e-16,0.440291166305542,0.025816917419433594,0.46613287925720215,0.003779664685364542,0.004303486470446764,0.003779664685364542,True,5.871566126185273,1.0000000000000018,-0.02669189492463265,1.000105559791936,0.9999999999999944,1.0000000000000104,5.836326180645177,1.0000000000000027,0.0,0.9985797967751764,0.9999999999999997,1.0000000000000002
