n_clusters,omega,n_runs,train_closure_error_mean,train_closure_error_std,test_closure_error_mean,test_closure_error_std,test_closure_error_min,test_closure_error_max,test_association_r2_mean,test_association_r2_std,test_association_r2_min,raw_predicted_simplex_violation_mean,raw_predicted_simplex_violation_max,target_association_variation_mean,target_association_variation_std,target_normalized_association_variation_mean,target_normalized_association_variation_std,target_association_effective_rank_mean,target_association_effective_rank_std,target_normalized_association_effective_rank_mean,target_normalized_association_effective_rank_std
10,0.5,3,0.0004270684534396114,7.772445478763771e-05,0.00036577023962109165,5.6581357877828615e-05,0.00032065183762647245,0.00042925250759031665,0.9951877388482089,0.000747690964569474,0.9943661773931654,7.031412489292658e-16,7.771561172376096e-16,nan,nan,nan,nan,nan,nan,nan,nan
15,0.5,3,0.00044918847466657953,1.5061728911461651e-05,0.0004349552857684274,2.5981984675620176e-05,0.00041179241341202257,0.00046304958165761974,0.991694320418822,0.00044359607844132205,0.9911860545812224,7.031412489292658e-16,7.771561172376096e-16,nan,nan,nan,nan,nan,nan,nan,nan
20,0.5,3,0.0005859062853404905,1.660940253796195e-05,0.0005280861765261368,3.0111575626226033e-05,0.0004973941744812876,0.0005575816561450736,0.9886408967269332,0.0006165574240346518,0.988060621866117,9.251858538542972e-16,9.992007221626409e-16,nan,nan,nan,nan,nan,nan,nan,nan
25,0.5,3,0.0007894160684340833,2.9356410644562836e-05,0.0007315803094680291,9.101742320792258e-06,0.0007213960437089638,0.0007389201659706187,0.9837707619971744,0.0010564819430044312,0.9830225397806622,8.881784197001252e-16,8.881784197001252e-16,nan,nan,nan,nan,nan,nan,nan,nan
10,1.0,3,0.0010350142157341277,9.548124307634458e-05,0.0009044893078376249,7.766065099401344e-05,0.0008157912522328375,0.0009602693422344305,0.9964716326112969,0.00031348571693759145,0.9962605052834864,8.141635513917814e-16,8.881784197001252e-16,nan,nan,nan,nan,nan,nan,nan,nan
30,0.5,3,0.0010096835463071314,1.7209957419897822e-05,0.000906533263029025,3.5226657081077304e-05,0.000867216790897205,0.000935223588190968,0.9787464555884188,0.0015096836904104855,0.9776006433597066,9.992007221626409e-16,1.1102230246251565e-15,nan,nan,nan,nan,nan,nan,nan,nan
40,0.5,3,0.0013932808712068176,7.234245644963165e-05,0.0012450517405451342,6.533614532394741e-05,0.001181641075821631,0.0013121566150689616,0.9710263324873117,0.004407511118599634,0.9667156211037127,1.1842378929335002e-15,1.3322676295501878e-15,nan,nan,nan,nan,nan,nan,nan,nan
15,1.0,3,0.0013012833058703489,6.443045006782721e-05,0.0012534281854610079,9.178961892532023e-05,0.00117137793148736,0.001352557968109839,0.9941448376606755,0.0004025964431368703,0.9937373589333873,8.511709855459534e-16,9.992007221626409e-16,nan,nan,nan,nan,nan,nan,nan,nan
15,4.0,3,0.001395129202476175,0.00030440678072818746,0.0013115754647288547,0.00025608083079049776,0.0010162159777226476,0.0014714810814083097,0.9983303909190385,0.00031802689355863145,0.9981181964611551,0.019908845252095336,0.020310183499277962,nan,nan,nan,nan,nan,nan,nan,nan
10,2.0,3,0.0015116298239387113,0.00011491216427354071,0.0013584193740257394,0.00011533602251469795,0.0012553855304926367,0.001483014462193809,0.9976203916379669,0.00020201214530418172,0.99740291641419,0.00025357325370807266,0.0004626148854493513,nan,nan,nan,nan,nan,nan,nan,nan
50,0.5,3,0.0016256321436585008,5.669295712302539e-05,0.0014421092406324482,3.8276436646464846e-05,0.0014123018635802819,0.001485274666672409,0.9697302727271436,0.0034123224689080463,0.9671179737326879,1.4062824978585316e-15,1.5543122344752192e-15,nan,nan,nan,nan,nan,nan,nan,nan
10,4.0,3,0.0016871595577910385,7.706650627306362e-05,0.0016262675928084547,4.1608023322143836e-05,0.0015790230145509775,0.0016574522872245935,0.9978452420474208,5.312898377647923e-05,0.9978112544027599,0.010234820361274691,0.010778424370362085,nan,nan,nan,nan,nan,nan,nan,nan
20,1.0,3,0.001960472584355845,8.606801738415753e-05,0.0017793595304523805,0.00013010489591360388,0.001647306811024522,0.0019074249376241016,0.9912452865897627,0.0005807430857939011,0.9906804873320842,1.0362081563168128e-15,1.3322676295501878e-15,nan,nan,nan,nan,nan,nan,nan,nan
20,6.0,3,0.0020179539938417067,0.00038096429316019005,0.001842992573250654,0.00031657892609000685,0.0015083703664783856,0.0021377524918350667,0.9978202182981525,0.0003581508920298208,0.9974856447797938,0.023820970038708932,0.024706214236245375,nan,nan,nan,nan,nan,nan,nan,nan
20,4.0,3,0.002090718873015084,0.000499511399560938,0.0018889676089864323,0.00045623572968946763,0.0014896559613020658,0.0023862199668524147,0.9976467917053333,0.0005483125379307279,0.9970469417875345,0.019567637851987254,0.020826889026260963,0.25484665860909034,0.004899248034045543,0.27198735830540666,0.00476130056330269,10.416597889244649,0.2333039514487348,0.548241994170771,0.012279155339407133
15,2.0,3,0.0020000450195796146,0.00020492094302676807,0.0019257643865806435,0.00018124580213850722,0.0017252647160213481,0.002077975287785091,0.9966008276323683,0.000295752327974905,0.9963750633429249,1.2582527612418441e-15,1.3322676295501878e-15,nan,nan,nan,nan,nan,nan,nan,nan
15,6.0,3,0.0020970031267840846,0.0002966280307947712,0.0019418666124863336,0.00028826911845099507,0.0016121287416826955,0.0021461536537651007,0.997662562809649,0.0003333468076343479,0.9974411102908942,0.02238305252291146,0.02350332746584102,nan,nan,nan,nan,nan,nan,nan,nan
25,6.0,3,0.0024633073317869084,0.00025917684534062087,0.0023660762728916584,0.0002107172302977089,0.002126984431874069,0.0025247127269533796,0.9972656392487093,0.00023843788165839308,0.997084784246711,0.033377597660373286,0.04223189827730334,0.3359327008435351,0.0031322053845517913,0.354489274725765,0.003768009210585705,14.261084877525477,0.11340772270033128,0.5942118698968949,0.004725321779180474
10,6.0,3,0.002544966887445987,4.506274978482748e-05,0.002547461456177055,4.724108704930817e-05,0.0025017219395952507,0.0025960730631340388,0.9968057268785911,6.868181974669678e-05,0.9967360595695006,0.020095524640563456,0.02111146313887212,nan,nan,nan,nan,nan,nan,nan,nan
25,1.0,3,0.0028126085406565467,0.00011798840010156396,0.0026264843895781875,3.7553055949230123e-05,0.002583287448354476,0.0026513616119056256,0.9869951976676742,0.0004786364362336991,0.9866588974771425,1.1102230246251565e-15,1.3322676295501878e-15,nan,nan,nan,nan,nan,nan,nan,nan
30,6.0,3,0.002940338764121754,3.890933337799509e-05,0.00273289307053578,0.00011574302438783909,0.0025995297354087818,0.002807132074091342,0.9968701875700727,0.00012174882835848027,0.9967916018769486,0.03429279868435721,0.04212877008521171,0.3075013492032153,0.0015544541884576265,0.3218918718849171,0.002100149679207831,15.582313804978233,0.1867529946954425,0.5373211656889046,0.00643975843777386
20,8.0,3,0.0031818099901953184,0.00028075748494690313,0.0029635221666520755,0.00028442731690070643,0.0026424314836855064,0.0031838544513870565,0.9965718876787942,0.00030826483131647463,0.9963256319216008,0.02515586442008981,0.02580351585700073,nan,nan,nan,nan,nan,nan,nan,nan
30,8.0,3,0.003319305058906147,1.963195974702816e-05,0.0031054277408075898,1.0454423405506797e-05,0.0030967594078677866,0.003117037893243335,0.9965102295041662,8.942526868496861e-06,0.9965030596530151,0.03949714503311165,0.05013130350438755,nan,nan,nan,nan,nan,nan,nan,nan
25,8.0,3,0.0032721770531691226,0.00020334602503221572,0.0031097593164656156,0.00010874732249722583,0.0029889970035224213,0.0031999453044209364,0.9964783827372731,0.00011711565091786755,0.9963793178715864,0.03849304665103981,0.05034423880356806,nan,nan,nan,nan,nan,nan,nan,nan
20,2.0,3,0.003437336646360085,0.00031621817945575966,0.003148494692544534,0.0003569756046450136,0.002807492180796187,0.003519544066205093,0.9945262333686763,0.0005685167574640381,0.9939301299165187,1.5173048003210472e-15,2.1094237467877974e-15,nan,nan,nan,nan,nan,nan,nan,nan
15,8.0,3,0.0034147014061068157,0.00029041257799781577,0.003206537863914382,0.00032236835072625773,0.0028740276821102436,0.003517703574846184,0.9962317876602368,0.0003511497019483871,0.9959031580712607,0.02309944335498697,0.02449246638751931,nan,nan,nan,nan,nan,nan,nan,nan
25,4.0,3,0.003384031343524184,0.0002654892713151263,0.0033044611700821526,0.00024067214342497675,0.0030278513832555053,0.0034659684339467933,0.9959922841704651,0.0002850157495219274,0.9957993525495716,0.021453116022012792,0.022440201418065474,nan,nan,nan,nan,nan,nan,nan,nan
40,8.0,3,0.0037030122023122124,0.00010008740755623849,0.003357105222591254,4.7357309567885026e-05,0.003328708351895456,0.0034117749819911666,0.9962795167547752,4.851901667835907e-05,0.9962251318528218,0.03368575255904734,0.035378700305108146,nan,nan,nan,nan,nan,nan,nan,nan
30,1.0,3,0.0037433475340522496,7.781507472031103e-05,0.003390397075454348,0.0001410125011441124,0.0032293677994119038,0.003491809193511522,0.982815508770409,0.0008829313130910548,0.9821860270415296,1.2582527612418441e-15,1.3322676295501878e-15,nan,nan,nan,nan,nan,nan,nan,nan
10,8.0,3,0.003702541430294777,4.487112794902104e-05,0.003738386668143922,8.057213262661387e-05,0.0036486317366088614,0.0038044751629966495,0.9954246796266991,0.00011058586388866155,0.9953321125910608,0.02277680044006716,0.023578838146881786,nan,nan,nan,nan,nan,nan,nan,nan
40,6.0,3,0.004592791936047165,0.00021577272172974523,0.004138067171926497,8.024738554021677e-05,0.004061599563912399,0.004221623945601165,0.9953362047832558,8.561101998692199e-05,0.9952583089126179,0.030652453392177936,0.03187084850302258,nan,nan,nan,nan,nan,nan,nan,nan
30,4.0,3,0.004595760376067422,0.00014661006198371553,0.004253404451593738,0.00023050645984317719,0.00399503667150527,0.004437976026989069,0.994904507231671,0.0002561259057769137,0.9946964824333023,0.022658036580407128,0.02367043600687764,nan,nan,nan,nan,nan,nan,nan,nan
50,8.0,3,0.004678119836058203,0.00013308236432294044,0.004325193026455932,0.0002812381750673395,0.004008505552056388,0.004545799864960059,0.9952435676275543,0.00031265967368823114,0.9950007047359359,0.03352616200335568,0.034473008350218694,nan,nan,nan,nan,nan,nan,nan,nan
40,1.0,3,0.005589753025312727,0.00033751634518728235,0.005007914139592252,0.0003070672953270239,0.004700269870686481,0.0053144011905011754,0.9745408454372736,0.002722100252929728,0.9718363627306645,1.4802973661668755e-15,1.7763568394002505e-15,nan,nan,nan,nan,nan,nan,nan,nan
25,2.0,3,0.005278638397217299,0.00023840703524385874,0.005051310581144522,7.341711953477069e-05,0.005003388223817146,0.005135832961843204,0.9914558585863343,0.00013149536311750866,0.9913101878355329,1.1842378929335002e-15,1.2212453270876722e-15,nan,nan,nan,nan,nan,nan,nan,nan
50,12.0,3,0.005870636697245027,0.00017300868354758252,0.005591500638508654,0.00013639795932242672,0.005498655720486171,0.005748101449319925,0.9939628793590293,0.0001461598471635456,0.9937964209145578,0.0344051728979835,0.04145947708619985,nan,nan,nan,nan,nan,nan,nan,nan
40,12.0,3,0.00605814768965961,8.317874237530936e-05,0.005668050341316185,0.00021414074849934067,0.005487608807689863,0.005904684563367564,0.9938384232469559,0.00021897312166477758,0.9935925007168962,0.03747118459522502,0.03885032550856875,nan,nan,nan,nan,nan,nan,nan,nan
15,12.0,3,0.006067417006615318,0.00034470130124357413,0.005812992167064108,0.00040841901275790496,0.005499707866493726,0.006274914189342584,0.9933315191016273,0.00041835898302451234,0.9928600510142612,0.02792964578302992,0.02955041028974652,nan,nan,nan,nan,nan,nan,nan,nan
50,6.0,3,0.006392714460615946,0.00036383485627668356,0.005836361516864441,0.0004077197768624833,0.0053689556865307445,0.006118893304354371,0.9934796004013905,0.0004588564398966868,0.9931653817450843,0.03312146959120285,0.03512261918198326,nan,nan,nan,nan,nan,nan,nan,nan
10,12.0,3,0.0059104821380028235,6.306575135770632e-05,0.0059772256804017385,0.00011273959258425622,0.0058489710974982895,0.006060673613904408,0.9928535977999363,0.00014875787195329457,0.9927380150347895,0.021202661572504857,0.021640211486385137,nan,nan,nan,nan,nan,nan,nan,nan
50,1.0,3,0.006799168992085613,0.0003489173905939135,0.006057839998964493,0.00023770871917174486,0.005867590321644232,0.0063243101917487545,0.9700273448864417,0.0021978373996115242,0.968036047740835,1.6653345369377348e-15,1.7763568394002505e-15,nan,nan,nan,nan,nan,nan,nan,nan
20,12.0,3,0.006429228239529843,0.00024030513211627634,0.006067689640311892,0.00040404885007295767,0.005703347298634968,0.0065022424007945105,0.9931462790114564,0.00043151313723820297,0.9926720461417557,0.03234835682977958,0.03437017223083293,nan,nan,nan,nan,nan,nan,nan,nan
30,12.0,3,0.006939752847093163,5.9044190603386555e-05,0.006557168089535948,0.00013880614474479961,0.006415191941602191,0.006692570648537896,0.9927838231843674,0.0001713134377328433,0.9926113446641214,0.04522466093079708,0.05164375381189743,nan,nan,nan,nan,nan,nan,nan,nan
25,12.0,3,0.0068437884442794404,0.00012065393701367468,0.0065609626177126935,0.0001331867031073764,0.006428410782834278,0.006694775237672726,0.9927301675608337,0.00015811733340585088,0.9925686109980731,0.0426634843405507,0.051705563075925755,nan,nan,nan,nan,nan,nan,nan,nan
30,2.0,3,0.007249440882805633,0.00015398211979562816,0.006689013853609093,0.0002591949734389848,0.006390040095615742,0.006850461220870723,0.9888166950585133,0.0004055158782922495,0.9885578741546628,1.4802973661668755e-15,1.7763568394002505e-15,nan,nan,nan,nan,nan,nan,nan,nan
40,4.0,3,0.007898190000592222,0.00043147810960976365,0.00718299006851502,0.00025790205285708574,0.006891220183747262,0.00738051046020319,0.9915702600790383,0.0002974629834036228,0.9913763752617014,0.023639123632554323,0.029474173860771155,nan,nan,nan,nan,nan,nan,nan,nan
50,4.0,3,0.010975958042772127,0.0006286878486284402,0.010013723379363827,0.0005850018166984088,0.009421542885745194,0.010591272011682676,0.9883665134398433,0.0006657634987847076,0.9877272593673987,0.029113692742783248,0.029982972585448298,nan,nan,nan,nan,nan,nan,nan,nan
40,2.0,3,0.01177834427203406,0.0007072001938185237,0.010710801393564355,0.0006008185407827562,0.010063111815361313,0.01124995195746928,0.982482125841382,0.0010916952375694365,0.9814511505747733,0.0006174267426828081,0.001843585939704009,nan,nan,nan,nan,nan,nan,nan,nan
50,2.0,3,0.015230523232481636,0.0008533635535592037,0.01382334306851405,0.0006509838837731435,0.013355736240339684,0.01456684041783678,0.9775564216146161,0.0010034938115962198,0.9764178704493017,0.0030049547055229467,0.004129311782146786,nan,nan,nan,nan,nan,nan,nan,nan
